gene_symbol,colors,ens_gene_human,habu_gene_id,habu_target_id,gene_id,SRR41,SRR42,SRR43,SRR44,SRR45,SRR46,SRR47,SRR48,SRR49,SRR50,SRR51,SRR52,SRR53,Pm_3,Pm_4,Pm_6,Pm_7,Pm_8,Pm_9,Pm_10,Pm_11,Pm_12,Pm_14,Pm_16,Pm_17,Pm_18
ACADM,yellow,ENSG00000117054,107285068,XM_015813217.1,34,331,407,309,406,381,269,268,386,398,411,302,393,397,1236,1281,962,212,1617,513,1238,1289,936,699,623,1057,478
ACO2,yellow,ENSG00000100412,107285421,XM_015813604.1,50,610,1079,904,982,1179,1166,1081,683,983,706,1156,1184,791,3630,2771,1217,329,3356,741,2733,2074,1039,3721,855,956,927
ACTA1,yellow,ENSG00000143632,107295108,XM_015824402.1,58,1,7,1,2,3,4,3,3,3,3,3,4,2,41279,194943,28433,90470,200360,4852,223479,129172,74648,205557,58892,24011,67953
ACTN3,yellow,ENSG00000248746,107302624,XM_015831742.1,89,2,1,7,1,2,5,5,0,8,2,4,3,3,887,4500,247,1078,4734,50,1213,1163,571,2091,449,208,538
ACVR2A,yellow,ENSG00000121989,107294303,XM_015823529.1,92,571,437,265,324,371,328,362,597,412,350,424,355,773,1137,961,604,158,1065,365,796,884,557,672,397,721,404
ACVR2B,yellow,ENSG00000114739,107303318,XM_029282958.1,93,394,405,275,320,361,440,480,375,572,330,581,382,515,861,624,382,208,1425,164,448,493,458,815,360,519,254
ACYP2,yellow,ENSG00000170634,107285497,XM_015813690.1,98,241,299,253,232,240,233,209,207,193,205,255,240,204,5,27,7,13,31,3,27,36,27,46,25,13,3
ADARB2,yellow,ENSG00000185736,107283567,XM_029283249.1,105,192,262,150,220,169,205,107,186,135,144,204,234,337,5,15,1,2,14,0,18,7,1,22,5,10,3
ADRA1A,yellow,ENSG00000120907,107295002,XM_015824289.1,148,74,606,363,289,437,251,401,130,202,175,362,333,158,151,120,26,5,154,7,280,172,67,272,68,53,51
ADSL,yellow,ENSG00000239900,107285406,XM_015813587.1,158,398,365,356,282,332,301,376,309,353,229,361,378,303,781,1264,687,388,636,272,1138,1128,553,835,287,489,334
AGA,yellow,ENSG00000038002,107285704,XM_015813929.2,175,244,227,138,247,153,218,195,387,281,179,297,220,333,489,916,287,15,483,63,668,744,254,396,218,432,94
AGL,yellow,ENSG00000162688,107290193,XM_015819055.1,178,630,567,390,596,544,575,420,555,619,642,673,687,814,78,146,55,41,54,12,113,78,41,111,37,35,54
AGTR1,yellow,ENSG00000144891,107284836,XM_015812953.1,185,26,30,48,30,53,31,56,8,41,31,46,48,14,11,7,7,1,11,3,10,9,7,21,2,4,4
AHCY,yellow,ENSG00000101444,107288389,XM_015817006.1,191,462,787,510,575,564,591,604,441,527,351,551,525,439,1119,928,410,340,1021,380,1011,1025,514,1138,406,450,278
AMPD1,yellow,ENSG00000116748,107284051,XM_015812051.1,270,91,19,26,122,39,141,40,89,32,62,82,54,189,33,151,33,13,260,7,189,114,31,155,135,18,109
AMPH,yellow,ENSG00000078053,114922263,XM_029283179.1,273,47,33,15,26,19,24,21,14,22,14,14,19,22,12,11,2,0,4,0,13,2,3,25,1,6,1
ANK2,yellow,ENSG00000145362,107286690,XM_029283988.1,287,628,272,298,165,397,288,395,160,431,248,302,405,491,305,491,424,95,847,262,428,310,350,501,343,380,373
SLC25A4,yellow,ENSG00000151729,107302668,XM_015831796.1,291,295,460,397,430,435,461,361,322,438,470,549,409,361,253,772,155,339,1829,13,1280,693,255,1103,177,75,205
ANXA6,yellow,ENSG00000197043,107294936,XM_015824214.2,309,1254,1045,856,811,977,1013,1025,514,803,719,1008,916,714,3880,5282,1720,730,6114,1632,3349,3536,2102,4268,2087,1994,1556
AQP4,yellow,ENSG00000171885,107290364,XM_015819242.1,361,57,22,29,13,22,29,47,57,14,36,21,21,108,20,248,12,14,230,5,187,56,68,279,31,20,95
ASL,yellow,ENSG00000126522,107287143,XM_015815613.1,435,346,324,318,204,383,269,358,320,293,217,289,302,413,120,390,181,52,2268,32,565,339,281,134,162,127,121
ATP12A,yellow,ENSG00000075673,107286485,XM_015814858.1,479,2,1,0,0,2,0,1,1,0,0,0,0,1,585,354,11,0,761,6,83,87,403,59,141,34,13
ATP2A1,yellow,ENSG00000196296,107282510,XM_015810293.1,487,28,39,29,19,46,41,57,14,46,47,56,35,43,30578,67611,3868,4408,68550,504,20989,19032,8839,52482,12064,1622,21716
BCHE,yellow,ENSG00000114200,107292518,XM_015821615.1,590,1,18,22,6,25,18,28,1,21,16,24,17,2,161,246,111,24,324,42,714,231,108,320,157,129,139
BMPR1B,yellow,ENSG00000138696,107294782,XM_015824043.1,658,52,33,14,20,14,21,20,52,13,11,13,18,59,46,10,5,2,17,3,32,28,5,37,7,10,8
BPGM,yellow,ENSG00000172331,107294354,XM_015823587.1,669,138,146,108,134,124,120,69,149,104,121,134,121,155,56,70,30,54,91,24,125,56,76,96,75,48,42
CACNA1S,yellow,ENSG00000081248,107289042,XM_029284467.1,779,0,1,1,0,3,0,2,0,4,0,1,0,0,776,2667,397,361,3343,52,1455,923,648,2474,393,236,659
CACNB1,yellow,ENSG00000067191,107303060,XM_029287357.1,782,70,27,39,40,40,46,44,34,21,29,39,26,85,45,53,10,8,174,1,31,32,23,67,27,3,26
CACNG1,yellow,ENSG00000108878,107288347,XM_015816961.1,786,3,2,2,1,0,1,4,2,1,0,2,0,6,757,2129,589,593,4241,260,3344,2382,1351,5468,691,729,881
CALM2,yellow,ENSG00000143933,107287851,XM_015816403.2,805,3362,3406,2368,3054,2831,2505,2177,3877,3295,3420,3912,3241,3621,6002,4953,3144,2129,5855,2210,4062,5193,5295,4505,3328,3946,1821
CAMK2B,yellow,ENSG00000058404,107286231,XM_029283886.1,816,14,45,96,17,81,14,112,7,18,9,17,18,9,17,63,11,23,119,3,35,34,25,55,22,3,37
CAPN3,yellow,ENSG00000092529,107295757,XM_015825082.1,825,395,330,293,261,382,397,326,251,248,237,357,218,466,221,2801,377,51,2451,22,1208,986,751,1802,1317,266,542
CAPZA1,yellow,ENSG00000116489,107297290,XM_015826651.1,829,1089,520,478,547,500,559,472,799,557,429,557,644,866,2204,1316,790,236,2236,469,1886,1991,821,1128,612,813,507
CAPZA2,yellow,ENSG00000198898,107285372,XM_015813553.1,830,1042,577,442,625,624,528,423,849,781,640,687,740,942,4810,3512,1855,894,4461,1257,4548,4945,3086,2608,1706,2269,1184
CASQ1,yellow,ENSG00000143318,107298219,XM_015827592.1,844,1,12,1,2,9,5,8,1,4,3,3,5,6,2762,16941,1437,3743,16779,214,8471,5734,3659,15265,2836,826,5500
CCNE1,yellow,ENSG00000105173,107292735,XM_015821850.1,898,32,6,8,14,9,9,10,17,10,7,13,13,15,32,53,29,11,49,13,37,39,10,42,17,26,17
CDH13,yellow,ENSG00000140945,107282644,XM_015810457.1,1012,200,79,83,40,76,48,75,65,56,46,68,63,114,595,771,193,131,1703,79,998,617,146,998,100,281,310
CFL2,yellow,ENSG00000165410,107292954,XM_015822085.1,1073,218,320,170,169,236,171,163,158,208,133,170,181,238,850,2195,538,568,3728,135,3440,2444,2377,5790,546,1055,799
CHGB,yellow,ENSG00000089199,107297365,XM_015826728.2,1114,16,15,17,10,34,15,26,21,30,41,27,41,22,68,224,6,49,691,11,225,106,38,478,50,119,15
CHRNA1,yellow,ENSG00000138435,107287384,XM_015815894.1,1134,16,29,22,27,37,32,35,13,31,24,24,25,16,13,95,7,5,103,5,61,10,39,120,26,38,32
CKM,yellow,ENSG00000104879,107291634,XM_015820653.1,1158,2,7,5,1,4,4,3,0,7,1,2,4,1,19242,128000,8556,51943,122925,1280,69444,64204,23318,135083,16824,10815,25065
CLCN1,yellow,ENSG00000188037,107289972,XM_029284651.1,1180,0,1,0,0,1,0,3,2,1,3,0,0,1,100,320,39,43,400,11,317,149,79,194,78,38,87
COX7A1,yellow,ENSG00000161281,107291980,XM_015821036.1,1346,82,144,184,25,97,55,175,202,160,83,43,60,73,28,16,9,13,55,9,42,22,20,27,4,26,11
COX10,yellow,ENSG00000006695,107289572,XM_015818354.1,1352,365,317,265,307,285,359,400,311,304,247,372,355,365,157,186,87,86,280,46,147,159,101,180,69,72,73
CREM,yellow,ENSG00000095794,107284019,XM_015812015.2,1390,173,131,88,115,126,93,106,103,101,104,120,183,121,52,40,7,12,39,10,56,26,40,59,18,39,15
CSE1L,yellow,ENSG00000124207,107293641,XM_015822797.1,1434,662,557,396,397,458,424,412,466,366,345,465,535,526,1694,1457,723,337,1193,614,903,1410,918,736,470,763,336
DARS1,yellow,ENSG00000115866,107284388,XM_015812434.1,1615,550,546,484,451,472,445,433,534,513,410,603,512,533,1802,1939,1441,816,1796,815,1865,1829,1226,1701,678,1484,773
DES,yellow,ENSG00000175084,107288118,XM_015816702.1,1674,33,3,2,3,13,5,35,3,14,8,10,8,34,424,917,142,139,724,19,402,384,319,388,274,139,289
RCAN1,yellow,ENSG00000159200,107295965,XM_015825300.1,1827,424,292,168,196,441,139,271,208,236,242,203,309,314,814,1006,365,55,1031,118,1246,920,481,911,278,452,239
HBEGF,yellow,ENSG00000113070,107284145,XM_015812159.1,1839,179,110,38,67,113,25,86,132,31,26,34,54,84,289,211,80,45,408,27,288,221,197,328,42,105,50
DUSP3,yellow,ENSG00000108861,107282603,XM_015810407.1,1845,586,526,480,386,616,517,486,570,414,228,334,532,570,32,20,5,12,79,10,26,23,22,38,20,4,19
E2F6,yellow,ENSG00000169016,107294641,XM_015823891.1,1876,126,112,54,63,96,94,90,69,107,86,95,113,125,1009,1274,679,598,925,351,1330,1431,803,1446,531,740,406
EML1,yellow,ENSG00000066629,107291357,XM_015820354.1,2009,328,373,200,121,216,163,222,215,132,145,165,181,250,413,204,139,17,203,44,263,269,85,296,85,174,55
ENO3,yellow,ENSG00000108515,107285047,XM_015813190.2,2027,40,46,25,31,42,53,42,13,48,41,43,47,45,682,5601,620,2436,5374,98,3900,3077,1038,5030,920,355,1647
EYA4,yellow,ENSG00000112319,107286517,XM_015814898.1,2070,12,2,8,9,10,4,8,3,8,4,27,3,8,58,102,35,2,167,4,139,101,36,118,44,47,45
ETFDH,yellow,ENSG00000171503,107286042,XM_015814338.1,2110,369,486,413,447,437,476,373,357,423,479,384,492,425,939,1018,597,137,644,259,1070,771,505,708,376,523,452
FGFR4,yellow,ENSG00000160867,107295676,XM_015824997.1,2264,4,12,11,23,20,15,14,3,12,8,12,13,6,86,70,12,7,73,3,47,37,11,45,5,11,12
FGL1,yellow,ENSG00000104760,107301699,XM_015830891.1,2267,2,0,1,1,2,1,1,2,1,0,0,1,0,27,53,71,17,40,32,138,28,56,83,34,65,40
FHL3,yellow,ENSG00000183386,107283704,XM_015811635.2,2275,101,122,124,63,156,55,103,26,51,46,36,67,60,629,409,59,139,331,46,235,238,73,284,100,67,165
FKBP1B,yellow,ENSG00000119782,107293404,XM_015822554.1,2281,31,9,11,14,14,18,11,18,14,9,9,13,20,175,393,163,180,1792,85,488,458,488,470,196,272,131
SLC37A4,yellow,ENSG00000137700,107284797,XM_015812910.1,2542,111,97,83,131,104,98,145,87,102,81,153,87,172,320,366,147,26,371,18,190,205,60,199,147,80,122
XRCC6,yellow,ENSG00000196419,107285423,XM_015813606.2,2547,1728,1522,1346,1188,1424,1230,1298,1597,1341,1169,1455,1369,1543,1007,652,385,78,646,329,1002,1050,628,737,289,556,331
GAPDH,yellow,ENSG00000111640,107285760,XM_015813997.1,2597,5174,3968,3377,4900,3849,3619,4119,4849,3898,3080,6220,3891,5907,8450,16617,4735,17289,20702,2767,33292,22094,17381,28766,6220,7500,5438
GBE1,yellow,ENSG00000114480,107294857,XM_015824125.1,2632,205,308,235,338,338,425,255,213,358,356,297,372,197,551,409,274,74,382,144,626,562,280,394,192,242,161
GPD2,yellow,ENSG00000115159,107289584,XM_015818367.1,2820,1112,827,603,779,796,812,638,1050,880,818,1042,967,1105,159,282,58,9,157,6,185,145,19,179,34,20,81
GPI,yellow,ENSG00000105220,107284083,XM_015812089.1,2821,1067,2295,2037,1625,2388,1708,2397,765,1552,1104,2049,1879,1205,4041,5821,1957,2407,7685,466,9011,4767,2682,7245,1763,1555,2472
GRB14,yellow,ENSG00000115290,107295143,XM_015824443.1,2888,10,29,9,18,19,22,15,7,28,5,25,21,10,76,23,11,4,117,11,21,43,8,14,4,5,5
GRID1,yellow,ENSG00000182771,107293614,XM_015822769.2,2894,34,8,13,12,36,22,23,6,24,11,11,17,19,4,9,1,3,6,0,15,3,0,8,4,2,3
GRIN2B,yellow,ENSG00000273079,107288989,XM_015817669.1,2904,22,31,12,16,16,18,33,16,33,17,34,25,15,0,2,2,0,5,0,6,1,1,4,4,0,0
GTF2B,yellow,ENSG00000137947,107298199,XM_015827567.1,2959,217,216,178,184,256,143,182,206,186,186,198,198,223,4149,3592,1743,691,2543,1218,2208,3056,2222,1454,1278,1573,970
GYPC,yellow,ENSG00000136732,107289591,XM_015818373.1,2995,141,127,73,71,97,90,104,63,84,78,101,97,115,568,438,202,22,696,137,763,705,262,583,118,340,152
HADHB,yellow,ENSG00000138029,107291032,XM_015819981.1,3032,915,1090,935,1281,1098,1010,971,953,1042,1025,1251,1126,1079,1939,998,753,283,974,392,1310,1381,743,831,387,766,470
HRC,yellow,ENSG00000130528,107282406,XM_015810180.1,3270,8,7,11,6,18,10,8,5,12,6,12,7,11,1870,5609,1895,3898,10113,380,7148,5700,4880,12286,2663,1037,3681
HSPB1,yellow,ENSG00000106211,107294601,XM_015823845.1,3315,734,431,307,278,470,387,438,406,296,154,271,174,456,234,1728,274,1730,2223,94,2502,990,4313,3566,1055,696,983
HSPB2,yellow,ENSG00000170276,107284518,XM_015812587.1,3316,7,11,15,1,13,4,15,0,1,6,13,8,8,254,1124,258,342,1523,27,1593,737,358,1957,517,506,518
IK,yellow,ENSG00000113141,107283664,XM_015811598.1,3550,448,506,452,396,427,462,396,392,362,354,457,389,468,2796,2456,1380,648,2063,1149,1780,2285,1277,1217,853,1686,747
IPP,yellow,ENSG00000197429,107283461,XM_015811378.1,3652,209,214,193,225,201,171,192,183,206,197,215,205,246,93,56,36,10,34,23,79,87,26,58,17,51,10
ITGA7,yellow,ENSG00000135424,107294928,XM_029285743.1,3679,182,274,223,71,323,117,256,41,155,76,106,136,124,174,251,45,60,304,47,184,118,71,238,97,58,84
JUN,yellow,ENSG00000177606,107302456,XM_015831561.2,3725,5533,5018,3755,3271,7927,2629,5420,7922,758,404,2063,1583,5850,5374,2430,1824,182,3883,613,3244,2691,952,3059,499,1313,864
KCNA7,yellow,ENSG00000104848,107282409,XM_015810184.1,3743,38,48,44,32,37,43,29,28,37,20,40,43,47,58,116,17,13,388,1,107,37,51,221,56,7,101
KCNJ11,yellow,ENSG00000187486,107299623,XM_015828985.1,3767,17,13,10,13,13,24,21,9,25,20,14,17,45,32,71,16,28,203,7,63,68,40,184,26,19,33
KPNA1,yellow,ENSG00000114030,107284118,XM_015812129.1,3836,747,632,426,470,577,544,520,531,501,423,484,587,755,1196,792,450,148,718,263,739,817,436,637,358,390,279
KPNA3,yellow,ENSG00000102753,107284288,XM_015812320.1,3839,452,200,155,172,198,209,172,270,256,167,162,220,328,1862,1682,1074,387,1460,542,1613,1750,1074,1342,501,787,570
KTN1,yellow,ENSG00000126777,107292189,XM_015821254.1,3895,2629,2349,1846,2187,2063,1982,1677,2162,2001,1937,2007,2034,2679,3276,2287,1619,992,2791,1203,2685,2705,1348,2485,820,1677,855
MAPT,yellow,ENSG00000186868,107303054,XM_029287349.1,4137,20,140,99,175,195,79,154,38,166,75,131,3,77,70,63,25,21,100,14,33,55,50,142,66,18,72
MB,yellow,ENSG00000198125,107302648,XM_015831771.1,4151,100,45,74,86,56,77,71,92,100,104,107,67,103,101,493,169,177,1825,15,469,344,397,999,209,87,167
MEF2C,yellow,ENSG00000081189,107287615,XM_015816137.1,4208,594,262,139,161,204,250,229,297,157,338,308,310,444,2233,8772,2024,1479,14850,502,8283,5593,3642,10395,2817,2270,2760
MEOX2,yellow,ENSG00000106511,107282957,XM_015810795.1,4223,172,27,21,11,18,22,40,44,20,19,18,19,89,36,44,20,17,55,26,106,93,53,90,18,40,26
MGAT3,yellow,ENSG00000128268,107288140,XM_015816726.1,4248,77,57,32,51,55,65,53,33,42,47,52,39,95,77,110,78,10,47,11,53,35,28,63,16,25,28
MYBPC2,yellow,ENSG00000086967,107282374,XM_015810143.1,4606,3,1,4,5,1,7,9,2,7,6,3,7,6,46,396,58,129,291,27,1130,463,174,690,108,32,159
MYBPH,yellow,ENSG00000133055,107294285,XM_015823508.1,4608,5,0,2,2,3,3,3,1,9,0,2,4,4,5,92,1,17,60,0,90,65,102,38,8,5,35
MYF6,yellow,ENSG00000111046,107284040,XM_015812039.1,4618,0,1,0,0,0,1,1,0,2,1,0,0,0,4,89,24,44,167,11,57,83,61,142,51,27,51
MYL2,yellow,ENSG00000111245,107286997,XM_015815447.1,4633,2,0,0,1,1,0,0,0,1,0,2,1,0,10,0,20,107,746,47,68,2,1,803,34,0,14
MYL3,yellow,ENSG00000160808,107286016,XM_015814302.1,4634,69,81,54,77,85,93,78,71,43,58,77,73,86,0,0,2,5,90,2,8,0,0,140,5,0,1
MYL4,yellow,ENSG00000198336,107303059,XM_015832248.1,4635,5,2,0,2,3,1,2,0,2,4,2,1,1,11684,48004,7659,11376,48898,1168,57647,24207,32031,52478,19371,5580,25632
MYOG,yellow,ENSG00000122180,107289274,XM_015818002.1,4656,1,0,1,0,0,0,2,1,2,0,2,0,1,16,39,2,2,59,6,39,13,19,65,13,7,17
NEB,yellow,ENSG00000183091,107286053,XM_015814350.1,4703,94,249,60,110,155,171,193,67,128,159,259,100,213,21389,91691,21935,18226,145026,3951,75554,54608,47597,88183,30420,17285,30783
NDUFV1,yellow,ENSG00000167792,107290801,XM_015819724.1,4723,637,837,724,762,878,872,732,511,775,737,960,768,671,2195,1490,851,632,1795,587,1495,1456,692,1382,768,761,729
NDUFV2,yellow,ENSG00000178127,107285984,XM_015814268.2,4729,389,342,365,411,364,390,337,383,440,312,433,361,532,2252,1642,859,804,2075,695,1631,1998,1415,1288,793,1083,679
NFATC1,yellow,ENSG00000131196,107287411,XM_015815924.1,4772,200,80,59,49,186,62,173,62,59,24,60,89,210,597,505,149,44,645,62,650,473,362,539,312,276,207
NMT1,yellow,ENSG00000136448,107286280,XM_015814627.1,4836,823,763,661,699,764,892,838,630,721,559,955,694,878,1361,756,490,224,847,265,782,814,516,1133,396,343,314
CNOT4,yellow,ENSG00000080802,107286145,XM_015814445.1,4850,420,418,313,370,392,364,347,344,351,292,412,394,424,189,165,88,20,129,49,100,117,49,105,65,69,60
NOVA1,yellow,ENSG00000139910,107289175,XM_015817874.1,4857,66,48,65,50,63,64,56,45,52,61,89,83,87,70,41,11,6,39,1,20,22,5,42,7,8,21
NRAP,yellow,ENSG00000197893,107291549,XM_015820560.1,4892,4,18,19,10,25,12,12,4,15,15,36,5,1,370,634,157,83,1203,46,529,441,1970,747,316,169,321
P2RX5,yellow,ENSG00000083454,107297144,XM_015826501.1,5026,42,20,12,28,7,78,17,17,42,6,19,58,15,669,1030,614,996,1037,321,2515,1833,345,1186,923,585,456
PRKN,yellow,ENSG00000185345,107295102,XM_015824396.2,5071,77,110,78,105,105,90,108,83,76,70,99,111,112,179,144,93,54,249,81,241,164,150,191,105,106,89
PDE4C,yellow,ENSG00000105650,107282168,XM_029282978.1,5143,44,50,27,33,37,42,49,51,25,36,38,52,53,9,40,24,1,31,4,16,12,7,14,13,6,10
PDK2,yellow,ENSG00000005882,107282609,XM_015810415.1,5164,139,409,376,349,357,359,314,113,286,162,413,295,178,120,59,26,14,119,7,59,39,32,125,29,33,52
PEPD,yellow,ENSG00000124299,107284080,XM_015812085.1,5184,256,238,224,143,196,233,185,168,195,155,215,220,282,799,644,445,353,485,212,519,1114,223,656,263,369,315
PFKM,yellow,ENSG00000152556,107288505,XM_029284380.1,5213,287,269,287,455,350,445,268,215,453,529,473,448,323,3524,9774,1536,1675,7058,207,9982,5659,2577,10736,2620,1534,3216
PGAM2,yellow,ENSG00000164708,107286246,XM_015814575.1,5224,3,0,0,5,4,1,4,6,0,0,8,4,3,291,1435,329,1130,1624,47,2426,1266,1462,2075,690,303,583
ABCB1,yellow,ENSG00000085563,107283317,XM_029283187.1,5243,54,12,48,24,32,29,51,29,38,29,37,14,67,11,8,10,1,14,5,16,14,5,23,11,10,20
PHKG1,yellow,ENSG00000164776,107287056,XM_015815517.1,5260,65,81,56,38,89,48,67,39,49,33,59,32,71,39,129,24,10,438,1,55,73,18,137,76,6,69
PKHD1,yellow,ENSG00000170927,107285557,XM_029283700.1,5314,28,22,17,25,23,15,25,20,11,25,21,26,25,10,17,5,2,3,0,35,12,2,14,7,5,7
POU1F1,yellow,ENSG00000064835,107289036,XM_015817726.1,5449,1,0,1,0,1,0,0,0,1,0,1,0,0,29,81,24,10,68,28,73,79,38,40,7,25,10
PPP1R3A,yellow,ENSG00000154415,107291877,XM_029285032.1,5506,0,1,0,0,0,1,0,0,0,0,0,0,0,105,641,128,148,945,16,878,549,275,918,269,169,228
PPP1R3C,yellow,ENSG00000119938,107289976,XM_015818808.1,5507,104,212,199,212,175,243,145,116,192,197,309,231,139,274,121,36,32,313,10,293,180,93,242,59,116,53
PPP1R3D,yellow,ENSG00000132825,107296408,XM_015825752.1,5509,162,130,98,136,121,109,98,173,108,67,156,128,220,94,147,30,22,82,22,173,94,66,178,60,35,47
PPP1R7,yellow,ENSG00000115685,107297269,XM_015826631.1,5510,259,328,279,250,264,240,292,289,245,241,279,272,309,2467,1653,1338,312,2246,750,1903,2428,1469,1328,749,1334,554
PPP2R2B,yellow,ENSG00000156475,107291985,XM_015821045.2,5521,85,99,81,65,98,93,136,55,71,64,77,90,105,8,17,6,3,29,0,10,7,3,31,14,3,19
PREP,yellow,ENSG00000085377,107284188,XM_015812210.2,5550,286,279,218,301,279,308,213,229,286,249,336,274,261,1323,757,392,126,584,186,963,1151,256,911,177,406,171
PRKAA2,yellow,ENSG00000162409,107286634,XM_015815027.1,5563,600,817,529,711,571,555,523,544,602,494,605,750,609,8,32,6,3,54,0,30,21,14,38,13,12,9
PRKAB2,yellow,ENSG00000131791,107301177,XM_015830439.1,5565,284,205,235,332,200,281,210,265,216,242,310,240,300,193,173,97,80,344,108,236,284,165,259,82,141,72
PKIA,yellow,ENSG00000171033,107286203,XM_015814525.1,5569,49,26,40,28,33,44,32,54,59,41,38,32,52,334,317,182,102,1158,18,1171,340,510,1267,190,189,248
MAP2K6,yellow,ENSG00000108984,107282569,XM_015810364.1,5608,387,244,188,251,204,215,247,273,268,334,462,328,394,80,48,33,18,57,16,55,38,21,53,19,15,18
PSMD3,yellow,ENSG00000108344,107303075,XM_015832266.1,5709,599,607,508,440,650,499,524,492,497,336,461,528,600,4694,2210,1153,756,3356,905,1481,1802,3635,2243,1347,1081,1355
PYGM,yellow,ENSG00000068976,107293229,XM_015822372.1,5837,44,42,25,18,40,35,40,26,37,21,24,28,37,493,1478,90,216,1070,19,689,452,202,911,280,63,461
RAD23B,yellow,ENSG00000119318,107292291,XM_015821372.1,5887,1127,993,753,859,912,799,820,993,781,616,857,910,1121,1453,1749,1169,890,1744,1127,1980,2200,1428,1967,799,1349,747
RAPSN,yellow,ENSG00000165917,107292930,XM_015822056.1,5913,7,10,4,10,6,11,6,7,14,14,7,8,11,16,12,2,3,20,9,25,8,7,31,9,5,7
RFC3,yellow,ENSG00000133119,107286810,XM_015815237.1,5983,75,81,62,70,63,70,80,55,52,95,83,87,91,193,81,91,58,108,68,159,230,84,137,53,105,61
RGS16,yellow,ENSG00000143333,107284989,XM_015813128.1,6004,79,30,14,21,63,20,38,23,120,9,19,38,101,371,423,239,16,837,75,541,745,97,653,194,119,161
RP9,yellow,ENSG00000164610,107283799,XM_015811752.1,6100,96,82,131,90,77,85,95,73,80,72,97,72,75,346,142,85,80,215,103,153,192,216,204,117,127,71
RPL3L,yellow,ENSG00000140986,107287716,XM_015816249.1,6123,69,62,49,58,50,66,88,54,56,33,74,47,61,225,587,102,213,894,25,775,506,284,1425,155,169,211
RYR1,yellow,ENSG00000196218,107293912,XM_015823102.1,6261,49,101,61,37,95,105,84,21,73,54,94,61,71,231,920,157,425,1737,28,675,591,332,767,354,185,377
SCN1B,yellow,ENSG00000105711,107287564,XM_015816084.1,6324,84,127,93,78,107,148,94,67,144,88,120,124,105,21,74,7,11,82,3,53,30,16,119,7,7,14
SCN2B,yellow,ENSG00000149575,107284821,XM_029283511.1,6327,24,24,26,20,31,16,24,31,8,16,22,17,33,2,3,0,0,3,0,5,1,3,5,2,0,1
SCN4B,yellow,ENSG00000177098,107284822,XM_015812940.1,6330,45,59,64,33,80,55,73,32,34,28,58,58,55,4,27,4,5,35,1,21,12,9,19,2,1,7
MAP2K4,yellow,ENSG00000065559,107282461,XM_015810241.1,6416,404,424,280,300,327,273,272,431,354,281,305,359,505,474,427,279,87,417,150,538,507,307,337,187,322,172
SGCA,yellow,ENSG00000108823,107282606,XM_015810411.2,6442,5,6,7,1,18,4,4,9,2,5,5,4,4,234,279,84,64,1289,13,628,348,427,1205,266,113,207
SGCD,yellow,ENSG00000170624,107293332,XM_015822482.1,6444,188,66,60,101,71,150,69,69,49,67,105,59,280,6,20,4,5,40,1,39,13,7,32,4,9,23
SLN,yellow,ENSG00000170290,107284917,XM_015813050.1,6588,1,1,2,0,0,0,2,1,0,3,0,1,0,155,1685,340,682,1606,18,1256,340,518,1414,238,105,405
SPTB,yellow,ENSG00000070182,107295139,XM_015824437.1,6710,49,78,93,79,103,58,72,29,71,44,92,82,63,161,156,72,12,121,15,128,116,65,112,55,70,36
STAC,yellow,ENSG00000144681,107283776,XM_029283290.1,6769,17,19,10,7,17,21,35,9,6,17,23,12,13,17,7,3,0,17,1,9,5,5,19,3,3,3
STAT6,yellow,ENSG00000166888,107291001,XM_015819950.1,6778,1176,930,915,743,938,1111,953,737,887,585,786,727,1178,111,81,43,12,123,21,148,118,48,73,46,49,19
ELOVL4,yellow,ENSG00000118402,107288224,XM_015816811.1,6785,11,55,20,11,59,28,91,8,50,15,7,40,7,21,31,8,19,55,11,36,28,11,56,10,15,10
ABCC8,yellow,ENSG00000006071,107299624,XM_029286821.1,6833,53,47,30,36,54,42,54,68,37,31,35,39,66,27,84,40,25,548,23,116,52,42,360,37,16,16
SVIL,yellow,ENSG00000197321,107282831,XM_015810662.1,6840,1792,5008,3040,2534,3345,2990,2954,2046,2494,2273,3759,2864,2598,1564,1116,479,123,2019,155,1576,1101,1006,1913,696,549,643
TBX15,yellow,ENSG00000092607,107285788,XM_015814037.1,6913,36,91,63,27,59,19,70,10,29,20,29,21,17,46,271,47,27,499,6,206,133,95,278,76,57,77
TCF7,yellow,ENSG00000081059,107294908,XM_029285761.1,6932,286,324,304,178,319,393,273,171,211,204,366,387,355,278,267,159,53,369,99,282,277,169,236,93,152,53
TERF1,yellow,ENSG00000147601,107288540,XM_015817166.1,7013,402,461,329,330,385,334,367,310,302,329,332,422,449,53,12,6,0,45,3,4,56,12,34,7,26,3
TFCP2,yellow,ENSG00000135457,107292108,XM_015821166.1,7024,287,279,269,240,195,323,299,218,298,186,269,280,335,505,444,339,192,373,184,289,439,227,346,158,290,181
TSPAN7,yellow,ENSG00000156298,107286528,XM_015814916.2,7102,96,125,95,41,114,54,94,137,115,45,45,56,58,446,357,122,65,873,33,915,584,238,738,167,178,146
TMOD1,yellow,ENSG00000136842,107297555,XM_015826915.1,7111,24,88,89,15,109,39,35,8,34,34,24,34,7,906,3835,2583,1456,4175,964,4599,3584,2542,5654,967,1330,1208
TNNC1,yellow,ENSG00000114854,107287361,XM_015815866.1,7134,0,3,2,3,4,1,3,2,0,3,1,1,2,6,5,12,31,595,18,67,8,17,395,28,7,4
TNNI1,yellow,ENSG00000159173,107287798,XM_015816346.1,7135,25,57,31,50,53,56,41,26,36,15,50,46,34,11,1,4,8,42,4,11,6,0,99,1,0,0
TNNI2,yellow,ENSG00000130598,107297964,XM_015827331.1,7136,6,2,2,11,4,24,6,7,16,21,12,26,4,40420,133524,30692,119173,346599,8933,182726,126284,100469,229371,45357,40089,45066
TNNT1,yellow,ENSG00000105048,107282539,XM_015810334.2,7138,4,10,2,5,3,7,12,11,6,4,5,13,13,1,2,10,47,797,25,29,0,11,762,28,7,13
TPI1,yellow,ENSG00000111669,107285775,XM_015814022.1,7167,1805,1097,735,756,1013,960,1029,1259,1030,1069,1681,1337,1265,8780,6940,3576,3434,8917,1612,15294,10180,6483,11097,3138,5043,2670
TTN,yellow,ENSG00000155657,107290010,XM_015818849.1,7273,2205,5686,11401,3508,46902,4742,2507,2149,7096,3543,4440,4044,2275,44257,146803,30899,28163,243467,4302,121355,111017,62145,167456,52280,26455,53356
UBE2V2,yellow,ENSG00000169139,107289324,XM_015818059.1,7336,317,257,199,198,231,185,182,250,248,214,243,214,279,2595,2833,1528,1061,3056,1077,2499,2631,2139,1935,1198,1768,894
UBE3A,yellow,ENSG00000114062,107301086,XM_015830387.1,7337,1624,1467,1016,1172,1237,1107,913,1331,1221,1165,1274,1276,1853,2158,2442,1567,749,2086,774,1673,1640,1246,1357,739,979,1071
UBTF,yellow,ENSG00000108312,107303051,XM_015832237.1,7343,730,653,500,501,650,683,651,569,487,329,530,659,895,2503,1431,840,208,1991,375,1341,1321,674,1291,806,889,578
VDAC1,yellow,ENSG00000213585,107294898,XM_015824170.1,7416,1224,1027,760,1126,1056,1146,844,1071,1193,960,1305,1167,1171,3510,4454,2271,1541,5327,1824,4400,3719,3022,3901,1190,1682,1191
VIL1,yellow,ENSG00000127831,107291496,XM_015820494.2,7429,12,20,22,22,16,7,18,22,6,6,19,23,12,28,17,1,1,12,0,25,22,0,24,3,7,4
EPM2A,yellow,ENSG00000112425,107293223,XM_015822367.1,7957,279,332,287,252,313,381,360,314,252,232,335,286,337,60,57,19,9,50,21,67,41,19,60,45,26,29
GLRA3,yellow,ENSG00000145451,107286513,XM_015814891.1,8001,20,29,15,15,19,26,8,24,13,21,15,15,22,1,2,1,0,3,0,9,3,2,5,0,1,4
ANP32A,yellow,ENSG00000140350,107283919,XM_015811898.1,8125,385,353,284,304,295,400,290,355,370,282,371,381,471,828,686,366,330,973,421,846,891,483,649,287,518,219
EEA1,yellow,ENSG00000102189,107284583,XM_015812668.1,8411,919,987,742,849,946,639,642,564,625,644,772,823,784,1941,1605,1397,526,2446,1088,1861,2352,1459,1192,794,1378,529
BBOX1,yellow,ENSG00000129151,107286943,XM_015815389.1,8424,7,0,0,5,3,0,3,5,0,1,0,1,0,47,24,15,9,35,6,39,27,9,21,11,8,13
CAVIN2,yellow,ENSG00000168497,107289223,XM_015817931.1,8436,381,302,328,177,363,112,268,156,86,114,153,191,278,1282,986,532,296,1496,790,1190,1651,628,815,513,773,482
NSMAF,yellow,ENSG00000035681,107284328,XM_015812373.1,8439,521,439,299,487,368,477,294,339,405,445,453,401,442,804,601,469,87,628,214,580,494,276,339,229,271,200
CUL3,yellow,ENSG00000036257,107293616,XM_015822771.2,8452,892,902,561,631,799,1020,637,710,791,575,649,730,897,2503,2071,1368,643,1869,1122,2205,2215,1475,1539,862,1307,807
TEAD2,yellow,ENSG00000074219,107282494,XM_029283024.1,8463,132,166,185,98,147,148,174,66,203,67,137,153,129,76,50,19,11,51,5,56,54,41,172,32,29,37
FKBP6,yellow,ENSG00000077800,107286462,XM_015814837.2,8468,42,35,38,26,26,47,41,25,36,26,44,22,34,5,0,0,0,31,0,6,7,3,17,7,4,12
TCAP,yellow,ENSG00000173991,107303068,XM_015832258.1,8557,5,3,2,1,3,6,1,4,7,1,4,2,7,11549,37476,6916,7407,77631,1079,46134,38954,15076,91343,9329,3594,11039
SLC25A12,yellow,ENSG00000115840,107283887,XM_015811864.1,8604,377,639,573,696,709,797,513,323,633,805,942,796,498,463,327,211,123,328,132,432,377,169,482,86,204,165
DNAH17,yellow,ENSG00000187775,107290045,XM_015818888.1,8632,57,75,53,54,66,64,60,34,71,41,44,54,61,55,37,22,13,19,7,59,43,18,54,9,25,8
DNAH11,yellow,ENSG00000105877,107282970,XM_015810808.1,8701,131,96,63,83,91,82,253,105,89,80,84,89,150,445,73,43,15,311,27,265,250,382,346,151,158,72
MYOM1,yellow,ENSG00000101605,107293997,XM_015823190.1,8736,73,145,105,82,91,62,105,55,111,87,108,100,89,1039,6058,1155,473,8014,112,4900,1961,1675,7307,1698,1236,2348
SUCLA2,yellow,ENSG00000136143,107284304,XM_015812341.1,8803,326,342,313,322,336,312,260,296,338,378,389,473,387,1532,1067,809,168,1457,531,1344,1042,1043,830,606,750,449
CDKL1,yellow,ENSG00000100490,107296222,XM_015825571.1,8814,151,139,120,108,138,118,126,94,138,95,124,156,144,150,111,84,109,145,59,257,324,107,292,56,174,97
NAE1,yellow,ENSG00000159593,107288887,XM_015817549.1,8883,412,331,287,289,308,263,249,273,361,273,314,321,408,1175,834,515,137,864,410,717,957,618,519,335,460,272
BCL10,yellow,ENSG00000142867,107285244,XM_015813416.1,8915,302,222,168,166,205,216,219,232,193,164,169,234,335,5944,4433,1795,159,4728,755,4521,6639,4378,3427,1969,1555,1468
USP13,yellow,ENSG00000058056,107292376,XM_015821465.1,8975,541,300,289,317,247,436,416,488,357,242,642,453,588,189,387,58,147,709,15,517,247,219,544,141,145,208
STBD1,yellow,ENSG00000118804,107297788,XM_015827152.1,8987,23,24,10,25,22,33,24,42,25,28,21,9,44,10,51,24,34,115,8,83,66,81,79,40,22,56
HSPB3,yellow,ENSG00000169271,107293720,XM_015822883.1,8988,1,0,0,0,0,0,0,0,0,0,0,0,0,217,830,217,126,2145,47,1079,489,551,1852,541,244,552
NMI,yellow,ENSG00000123609,107297897,XM_015827255.1,9111,84,69,79,71,100,88,57,61,134,94,93,93,74,205,446,186,75,254,81,239,481,184,322,114,232,104
SEC22C,yellow,ENSG00000093183,107284370,XM_015812416.2,9117,676,651,482,480,522,460,532,546,484,466,545,561,658,69,33,21,8,81,8,32,37,27,75,36,20,56
NEURL1,yellow,ENSG00000107954,107284690,XM_015812793.1,9148,43,63,49,30,56,53,50,19,33,45,57,52,89,10,41,9,4,48,4,57,29,13,49,7,6,10
FIBP,yellow,ENSG00000172500,107297106,XM_015826464.1,9158,218,196,169,177,156,204,206,187,181,133,190,191,233,147,97,56,36,96,41,84,87,54,72,49,84,50
LRRFIP2,yellow,ENSG00000093167,107283790,XM_015811738.1,9209,778,587,571,552,655,714,506,632,504,442,611,590,708,1397,1040,553,178,2275,333,1291,1106,1969,1877,753,627,732
LGI1,yellow,ENSG00000108231,107293537,XM_029285416.1,9211,30,12,13,10,19,21,25,22,7,10,19,19,19,107,93,33,28,170,18,185,127,36,87,33,95,58
VAPB,yellow,ENSG00000124164,107302920,XM_015832081.1,9217,542,696,525,550,538,659,579,479,646,529,667,665,660,2477,1437,843,634,1055,683,1690,1948,764,1332,549,884,705
PDLIM7,yellow,ENSG00000196923,107291407,XM_015820399.2,9260,299,246,148,154,256,232,176,112,132,89,188,180,250,1718,812,252,159,1309,204,685,770,137,627,227,318,368
TRIP10,yellow,ENSG00000125733,107285122,XM_015813275.1,9322,288,331,296,258,459,314,308,203,417,186,256,195,342,195,248,81,94,287,58,146,164,94,128,72,97,69
HOMER3,yellow,ENSG00000051128,107282858,XM_015810690.1,9454,134,141,93,101,96,100,119,73,74,83,71,69,139,13,7,4,5,30,0,16,6,6,22,3,5,7
HOMER1,yellow,ENSG00000152413,107287872,XM_015816427.1,9456,190,123,57,109,177,111,103,140,106,98,100,274,132,53,190,48,24,174,19,307,162,93,208,45,47,40
SH3BP5,yellow,ENSG00000131370,107293950,XM_015823143.2,9467,606,937,970,888,1011,898,630,464,579,637,891,1151,660,395,153,98,13,855,33,350,184,132,666,121,134,137
AKAP6,yellow,ENSG00000151320,107284944,XM_015813076.1,9472,280,428,247,303,429,314,284,209,246,344,321,323,501,81,266,58,18,217,7,244,112,121,231,92,40,119
IPO13,yellow,ENSG00000117408,107283406,XM_029283214.1,9670,248,205,217,222,211,301,271,179,236,120,242,262,247,187,176,58,78,224,81,119,153,60,152,40,70,45
KIAA0408,yellow,ENSG00000189367,107287710,XM_015816243.1,9729,49,51,67,56,49,55,72,126,61,28,51,55,36,25,30,2,3,38,2,49,29,19,39,8,8,11
DLGAP5,yellow,ENSG00000126787,107293660,XM_015822819.2,9787,58,39,35,48,39,13,42,30,50,32,26,48,28,190,110,75,30,202,38,193,150,103,112,101,112,58
DAZAP2,yellow,ENSG00000183283,107292106,XM_015821164.2,9802,1001,876,750,670,808,692,725,1022,631,623,848,805,1074,1999,1858,1021,460,1329,441,1476,1728,676,1012,767,883,505
ZEB2,yellow,ENSG00000169554,107289168,XM_015817869.1,9839,1525,470,396,333,468,481,570,345,396,441,494,511,662,708,714,268,144,596,158,787,656,305,529,197,306,184
TMCC2,yellow,ENSG00000133069,107289106,XM_015817796.1,9911,13,4,7,12,11,6,9,12,11,6,14,13,16,96,171,29,13,62,8,228,104,89,208,54,66,63
SLC23A1,yellow,ENSG00000170482,107289878,XM_015818702.1,9963,27,40,49,25,51,40,48,26,28,46,47,28,40,49,9,0,4,5,1,37,8,0,54,7,1,11
CCS,yellow,ENSG00000173992,107289003,XM_015817685.1,9973,185,212,202,184,196,212,216,157,192,192,213,181,217,491,522,385,101,447,161,390,523,373,424,204,300,216
FGFBP1,yellow,ENSG00000137440,107292461,XM_015821549.1,9982,10,1,1,16,8,1,7,1,5,1,17,0,5,647,236,109,53,369,59,497,738,233,719,196,175,98
HDAC5,yellow,ENSG00000108840,107282599,XM_015810402.1,10014,495,546,446,423,648,619,618,308,376,330,543,417,589,140,64,45,41,181,38,79,66,78,103,55,44,59
HIPK3,yellow,ENSG00000110422,107302407,XM_015831515.2,10114,2973,3278,2108,2741,2811,2201,2038,2420,2892,2146,2647,2630,3061,469,534,206,57,580,70,511,451,210,499,158,232,136
LRPPRC,yellow,ENSG00000138095,107284955,XM_015813088.2,10128,1297,1408,1156,1355,1374,1196,1009,1149,1303,1181,1566,1496,1421,3760,3509,2187,862,3285,1172,2519,2667,1955,2006,904,1558,1001
FRY,yellow,ENSG00000073910,107286817,XM_015815247.1,10129,387,1151,332,203,311,109,878,126,452,248,221,316,223,352,322,103,19,501,65,582,524,158,392,154,178,119
TOB1,yellow,ENSG00000141232,107287219,XM_015815702.2,10140,812,789,731,831,815,845,606,1175,657,385,929,1209,1048,2000,2173,1530,319,1800,1171,2824,2726,1635,1938,891,1289,717
AKAP9,yellow,ENSG00000127914,107286841,XM_029284015.1,10142,3068,2945,2432,2812,2502,2264,1972,3448,2582,2636,2853,2622,3547,2689,2021,1531,799,3221,1152,1764,1501,2501,2482,1661,1553,1467
EIF1,yellow,ENSG00000173812,107303096,XM_015832288.1,10209,1337,1831,2117,1463,2263,1521,1625,1145,1239,594,1236,1221,1068,5418,4266,2605,3399,4490,1711,3933,4057,6241,7515,2316,3105,2260
RASGRP2,yellow,ENSG00000068831,107289925,XM_015818753.1,10235,68,36,24,20,36,132,39,18,45,32,31,85,40,266,282,33,69,331,12,199,168,47,311,77,58,72
TIMM17B,yellow,ENSG00000126768,107286563,XM_015814954.2,10245,120,122,111,107,117,86,130,118,120,80,114,112,134,1064,1671,1446,538,970,536,1444,1131,918,1286,513,897,377
SPRY2,yellow,ENSG00000136158,107303146,XM_015832343.1,10253,193,336,261,233,343,275,464,149,216,135,294,291,265,231,254,120,14,158,74,177,200,38,257,69,129,81
SPEG,yellow,ENSG00000072195,107288123,XM_029284274.1,10290,215,379,274,199,436,387,347,124,303,206,431,235,313,33,163,17,38,240,3,88,62,36,49,68,14,65
KLHL41,yellow,ENSG00000239474,107297957,XM_015827322.1,10324,15,17,12,9,11,8,12,17,14,17,23,7,11,616,3052,628,854,6255,136,3157,1647,2274,6485,1067,925,993
CORO2B,yellow,ENSG00000103647,107283940,XM_015811925.2,10391,36,29,22,14,32,25,32,5,12,21,36,28,26,50,75,17,29,82,10,79,47,36,31,23,23,35
CAP2,yellow,ENSG00000112186,107291514,XM_015820517.1,10486,77,81,56,46,104,90,68,28,72,56,68,65,77,184,280,67,17,542,11,404,253,113,391,157,48,223
ENOX2,yellow,ENSG00000165675,107291558,XM_029284958.1,10495,158,120,128,121,129,152,144,143,127,129,157,123,174,158,220,37,57,140,37,212,159,80,165,57,62,48
ST6GALNAC2,yellow,ENSG00000070731,107300752,XM_029287035.1,10610,59,67,43,43,67,51,54,72,54,49,60,49,92,119,16,18,1,36,1,50,36,0,66,18,20,15
PDLIM5,yellow,ENSG00000163110,107287206,XM_015815688.2,10611,2338,2444,1669,1880,2075,1998,1667,1809,1958,1535,2381,2194,2114,450,1788,348,350,4680,51,2207,1245,475,2823,536,176,538
CERS1,yellow,ENSG00000223802,107282886,XM_015810724.1,10715,10,27,11,9,8,16,2,9,17,11,22,8,0,6,10,2,4,15,0,14,9,6,42,5,2,6
ARPP21,yellow,ENSG00000172995,107293558,XM_029285476.1,10777,1,2,0,1,1,2,8,1,0,1,1,1,1,144,98,36,18,292,4,196,111,70,222,36,51,30
APOBEC2,yellow,ENSG00000124701,107287060,XM_015815518.1,10930,22,24,10,14,14,15,13,9,15,22,23,15,22,156,1176,312,553,1691,26,1531,638,1016,1421,557,284,657
KDELR1,yellow,ENSG00000105438,107282469,XM_015810245.1,10945,831,750,637,707,801,831,811,976,472,323,618,600,1289,1442,869,435,246,828,297,746,812,936,1024,510,513,317
SLC35D2,yellow,ENSG00000130958,107296896,XM_015826248.1,11046,322,291,216,219,272,260,330,259,234,217,271,233,303,16,19,11,3,26,1,22,33,11,25,6,13,6
TOPBP1,yellow,ENSG00000163781,107293886,XM_015823079.1,11073,473,392,302,295,335,317,289,324,310,332,341,366,409,966,594,332,159,787,306,549,610,565,521,348,346,229
DNAJB4,yellow,ENSG00000162616,107289440,XM_015818200.1,11080,364,179,136,153,139,92,183,202,94,87,127,176,195,403,499,177,49,756,145,579,569,330,557,203,242,189
PTPN21,yellow,ENSG00000070778,107296138,XM_015825482.1,11099,341,365,304,250,331,302,307,235,307,201,262,266,376,389,1679,361,79,1025,70,685,593,271,1161,240,239,366
KAT7,yellow,ENSG00000136504,107282612,XM_015810418.1,11143,992,1231,1105,1036,1174,1136,1096,923,1076,786,1501,991,1185,865,411,204,58,781,100,347,394,310,657,187,220,246
BVES,yellow,ENSG00000112276,107284182,XM_015812199.1,11149,86,161,66,72,103,87,114,70,80,70,98,93,96,94,247,97,35,419,25,399,347,188,330,107,69,72
PTP4A3,yellow,ENSG00000184489,107292924,XM_015822051.1,11156,13,41,30,35,38,35,53,13,41,31,23,43,30,4,8,0,2,20,0,7,5,1,6,5,1,2
TREX2,yellow,ENSG00000183479,107284231,XM_015812257.1,11219,10,14,8,3,14,16,8,0,11,9,10,11,7,76,34,14,0,60,3,18,56,27,37,17,19,12
DUSP10,yellow,ENSG00000143507,107302769,XM_015831920.1,11221,160,168,118,41,221,37,110,245,40,29,31,75,194,127,148,41,9,105,6,80,72,39,150,41,42,42
SYNPO,yellow,ENSG00000171992,107297444,XM_015826806.2,11346,287,150,138,189,238,247,200,39,194,68,122,128,219,678,2937,515,121,4842,62,1370,874,331,2582,500,172,496
WDR37,yellow,ENSG00000047056,107283566,XM_015811498.1,22884,393,403,283,312,324,399,343,263,323,305,335,337,437,38,42,34,14,105,45,41,39,56,70,53,32,49
CEP131,yellow,ENSG00000141577,107286636,XM_029284027.1,22994,103,131,97,72,114,118,97,53,83,74,86,70,127,267,213,114,84,162,86,334,181,123,279,106,172,97
MAPKBP1,yellow,ENSG00000137802,107287416,XM_015815929.1,23005,457,489,429,318,554,442,504,270,374,253,520,365,460,269,205,122,7,354,32,263,119,134,188,52,95,145
KDM4C,yellow,ENSG00000107077,107299130,XM_015828501.1,23081,847,874,641,644,626,744,617,884,603,594,710,812,946,650,392,286,82,346,204,526,624,263,371,238,379,257
SPART,yellow,ENSG00000133104,107287656,XM_015816183.1,23111,507,483,334,334,405,355,363,471,408,344,396,391,598,297,293,154,60,196,150,293,241,151,259,81,154,87
PLCL2,yellow,ENSG00000154822,107282905,XM_015810743.1,23228,105,42,40,55,52,69,44,43,58,52,67,67,69,88,58,45,3,143,2,54,54,39,100,56,38,30
VPS13A,yellow,ENSG00000197969,107284566,XM_015812644.1,23230,1630,2336,1597,1798,1976,1661,1469,1209,1591,1611,1546,1692,1774,1549,1272,877,193,1566,549,1908,1898,851,1121,569,1139,534
SYNM,yellow,ENSG00000182253,107290592,XM_015819483.1,23336,828,873,1096,554,1572,1164,894,972,635,579,875,663,977,330,646,191,67,969,22,671,387,224,277,209,109,200
DNPEP,yellow,ENSG00000123992,107288117,XM_015816701.1,23549,249,323,328,276,317,312,299,186,265,190,274,287,311,659,592,393,220,641,159,512,581,171,584,265,260,232
HSPBP1,yellow,ENSG00000133265,107282482,XM_015810259.1,23640,91,104,58,64,99,145,114,65,95,80,106,108,98,265,180,88,66,175,44,80,159,94,233,108,60,121
PITPNB,yellow,ENSG00000180957,107287263,XM_015815755.2,23760,397,347,333,339,384,381,332,234,468,293,283,382,371,1098,767,561,291,774,476,722,591,486,529,355,482,334
PANX1,yellow,ENSG00000110218,107297838,XM_015827201.1,24145,273,141,93,83,121,130,144,133,183,100,119,111,188,48,84,16,12,63,1,73,57,38,111,17,32,28
TBC1D22A,yellow,ENSG00000054611,107294277,XM_015823499.1,25771,342,517,425,454,436,465,377,275,310,344,426,385,438,789,491,261,38,540,105,438,450,253,319,220,276,159
CFAP45,yellow,ENSG00000213085,107294251,XM_015823466.1,25790,5,5,1,3,3,2,5,3,1,6,1,2,3,69,40,19,5,72,2,79,60,30,66,50,36,30
FBXO7,yellow,ENSG00000100225,107284724,XM_015812831.1,25793,647,628,564,585,574,582,774,605,483,410,533,684,746,415,389,215,114,341,158,417,406,260,298,160,311,131
ARMC8,yellow,ENSG00000114098,107285527,XM_015813726.1,25852,628,1053,671,957,728,868,549,570,689,777,1038,886,632,1357,1547,1055,260,1477,428,1486,1385,922,1198,647,702,680
ABI3BP,yellow,ENSG00000154175,107289693,XM_029284589.1,25890,642,244,275,307,335,430,444,223,328,258,346,357,497,3079,2216,1426,355,3961,400,6878,4779,1149,3357,792,1594,1132
IBTK,yellow,ENSG00000005700,107302923,XM_015832085.1,25998,855,454,304,530,440,538,358,1090,553,639,766,553,902,2121,2324,854,770,2042,660,2255,1383,1394,1596,771,898,883
SPATS2L,yellow,ENSG00000196141,107291765,XM_015820803.1,26010,910,1948,1551,1363,1653,1389,1458,1156,989,856,1559,1374,1085,1872,1408,653,89,1754,216,1862,1839,620,1672,644,922,630
FAM32A,yellow,ENSG00000105058,107282210,XM_015809966.1,26017,399,280,309,266,253,265,233,366,260,247,308,306,373,636,1110,800,477,1253,449,601,1529,721,953,504,1082,296
APPL1,yellow,ENSG00000157500,107297188,XM_015826548.1,26060,1040,973,673,796,827,751,703,833,994,834,950,860,1088,402,405,236,118,412,155,337,388,208,309,100,227,114
HERC4,yellow,ENSG00000148634,107288081,XM_015816656.1,26091,1208,1007,676,804,753,822,755,1085,776,730,756,834,1160,1389,788,555,110,668,245,759,903,559,779,275,605,320
IL1RAPL2,yellow,ENSG00000189108,107296456,XM_015825805.1,26280,1,14,12,23,11,31,45,3,15,9,30,30,2,11,31,8,6,33,8,54,33,12,33,17,15,13
AK5,yellow,ENSG00000154027,107295815,XM_015825144.1,26289,99,87,69,52,65,60,104,113,65,60,121,54,121,27,2,3,2,28,3,35,15,8,50,5,8,3
CNNM1,yellow,ENSG00000119946,107287745,XM_029284200.1,26507,29,20,29,27,31,48,30,34,36,15,45,29,49,17,15,1,3,7,2,4,4,4,10,5,3,4
ELP4,yellow,ENSG00000109911,107293754,XM_015822932.2,26610,467,520,354,413,401,382,469,446,416,384,489,470,546,399,571,326,80,536,117,823,562,240,1155,165,331,167
MLH3,yellow,ENSG00000119684,107293081,XM_015822216.1,27030,389,504,323,303,433,404,302,396,306,313,451,417,464,123,147,57,30,101,34,64,109,86,90,61,82,54
NOX1,yellow,ENSG00000007952,107291577,XM_015820595.1,27035,6,0,3,1,3,0,4,3,0,1,3,1,1,11,79,25,9,34,4,49,33,32,15,13,12,12
ANKRD1,yellow,ENSG00000148677,107296610,XM_015825955.2,27063,5,4,2,0,13,3,5,2,6,2,2,3,1,32,46,53,23,305,3,56,20,84,270,68,81,139
MACROD1,yellow,ENSG00000133315,107296905,XM_015826256.1,28992,194,427,296,397,376,271,358,175,294,300,431,364,314,23,70,20,41,123,19,96,61,29,95,28,17,47
N6AMT1,yellow,ENSG00000156239,107294470,XM_015823704.1,29104,315,255,254,214,276,276,341,261,241,231,272,332,339,234,284,180,143,373,134,275,326,174,153,116,214,123
TMOD4,yellow,ENSG00000163157,107295583,XM_015824896.1,29765,8,1,4,2,6,12,6,11,13,2,7,7,14,206,977,140,363,1610,36,555,345,276,626,227,128,319
CARD10,yellow,ENSG00000100065,107288637,XM_029284399.1,29775,241,498,378,403,479,468,443,124,316,316,531,403,256,212,241,67,53,243,46,260,189,51,202,80,92,61
SNX10,yellow,ENSG00000086300,107282769,XM_015810591.1,29887,78,6,12,9,18,23,13,7,13,22,18,26,16,486,222,260,43,592,138,516,720,455,300,279,231,165
PSMC3IP,yellow,ENSG00000131470,107302412,XM_015831517.1,29893,18,25,31,28,20,28,20,7,19,22,15,36,29,1126,383,291,210,1296,139,496,617,648,683,521,426,269
ST8SIA5,yellow,ENSG00000101638,107297215,XM_029286252.1,29906,72,73,49,46,50,55,73,59,65,67,57,82,80,474,686,446,626,686,224,1713,1148,259,817,595,399,313
HUNK,yellow,ENSG00000142149,107290461,XM_015819342.1,30811,86,78,71,60,66,57,74,69,52,63,88,69,119,29,15,16,0,20,8,29,29,9,28,16,13,9
IMPG2,yellow,ENSG00000081148,107285032,XM_029283583.1,50939,33,22,13,13,23,24,17,20,30,19,31,22,38,4,10,3,2,7,1,26,9,6,11,3,2,1
NMD3,yellow,ENSG00000169251,107302699,XM_015831839.1,51068,548,773,652,723,810,541,631,662,728,691,720,690,729,2948,2025,1438,323,2447,980,1623,2913,1607,1859,560,1288,730
TMX2,yellow,ENSG00000213593,107295693,XM_015825017.1,51075,482,506,367,427,468,450,365,470,434,304,562,488,499,916,1245,699,569,1389,497,976,1011,873,905,499,614,338
SBDS,yellow,ENSG00000126524,107288564,XM_015817193.1,51119,459,786,714,602,706,469,510,515,518,542,524,545,475,2747,2182,1153,670,2960,979,2430,2575,1636,2067,1022,1284,966
CRBN,yellow,ENSG00000113851,107290920,XM_015819862.1,51185,632,849,693,780,694,549,676,662,779,714,818,780,825,305,266,179,16,211,62,333,331,131,256,122,199,98
PLCE1,yellow,ENSG00000138193,107293540,XM_015822694.2,51196,771,655,646,357,658,643,743,596,529,288,380,437,659,215,142,136,69,188,99,307,193,111,240,85,108,95
KRCC1,yellow,ENSG00000172086,107302363,XM_015831455.1,51315,250,184,157,176,155,159,178,240,165,160,190,168,279,93,16,14,10,108,13,20,30,70,74,37,22,38
DCDC2,yellow,ENSG00000146038,107289604,XM_029284576.1,51473,22,43,18,13,28,21,31,32,39,37,11,25,28,1,3,2,0,3,0,7,1,0,4,2,3,2
RTF2,yellow,ENSG00000022277,107295466,XM_015824780.1,51507,496,560,512,444,477,408,465,467,461,420,546,481,531,2229,1914,872,584,2046,616,2186,2342,1041,1554,693,1303,521
SCLY,yellow,ENSG00000132330,107285514,XM_015813708.1,51540,214,180,117,135,201,175,183,174,150,123,167,217,193,32,24,8,2,20,6,42,28,7,28,10,12,13
AZIN1,yellow,ENSG00000155096,107287822,XM_015816369.1,51582,1401,1835,1133,1358,1997,1108,1312,1505,1490,1126,1169,1674,1529,1856,1990,1457,553,1175,570,2045,2336,1058,2342,460,1017,481
ASB4,yellow,ENSG00000005981,107283649,XM_015811579.1,51666,145,189,100,133,141,125,198,125,108,100,122,124,123,296,261,41,13,945,9,725,278,203,1004,99,123,135
ASB2,yellow,ENSG00000100628,107287215,XM_015815698.2,51676,15,34,35,9,13,14,14,13,19,7,20,9,20,1036,1805,636,202,3664,108,4782,1771,1359,2376,520,932,763
FBXO40,yellow,ENSG00000163833,107284119,XM_015812130.1,51725,20,37,26,24,27,29,38,21,14,21,34,30,33,17,116,34,11,112,10,190,132,69,177,58,21,91
SIX4,yellow,ENSG00000100625,107290954,XM_015819898.1,51804,334,350,264,352,301,401,378,367,468,258,448,361,555,58,109,42,33,105,18,85,57,53,76,31,46,26
GDAP1,yellow,ENSG00000104381,107295347,XM_015824658.1,54332,53,82,77,44,75,83,84,64,93,67,110,85,83,194,100,67,8,189,38,192,213,49,105,62,55,38
EXOC6,yellow,ENSG00000138190,107283385,XM_015811279.1,54536,226,202,139,116,154,164,160,188,149,124,124,162,208,27,52,24,9,50,5,42,64,31,43,20,18,14
RNF186,yellow,ENSG00000178828,107295425,XM_015824739.1,54546,2,0,1,1,2,1,1,1,7,1,1,0,0,54,8,8,2,38,6,84,91,12,87,17,34,21
PDP1,yellow,ENSG00000164951,107292753,XM_015821869.1,54704,287,222,169,247,269,218,270,224,224,293,316,356,310,598,396,204,94,398,126,477,456,228,338,192,234,113
ZRANB1,yellow,ENSG00000019995,107291132,XM_015820094.1,54764,498,706,501,412,523,508,432,486,453,426,477,485,582,793,768,466,230,1246,408,917,933,627,643,285,622,259
NSUN2,yellow,ENSG00000037474,107289984,XM_015818818.1,54888,540,504,360,380,485,406,326,409,400,302,339,486,605,1920,1361,759,422,974,498,1400,1222,825,1016,427,742,387
DUS2,yellow,ENSG00000167264,107292607,XM_015821719.1,54920,78,70,69,80,74,88,56,56,90,60,85,67,70,159,152,57,16,105,32,58,73,33,64,45,22,30
RHBDL2,yellow,ENSG00000158315,107283705,XM_015811636.1,54933,64,37,26,37,58,47,32,57,46,24,33,32,73,157,120,79,61,80,35,175,185,84,120,69,74,53
MCUB,yellow,ENSG00000005059,107283395,XM_015811327.1,55013,128,26,26,15,29,36,33,43,31,33,28,57,47,233,350,137,142,268,94,377,303,166,236,124,149,96
USP47,yellow,ENSG00000170242,107298288,XM_015827662.1,55031,1391,1139,873,1072,963,1038,794,1218,1132,962,1088,1086,1446,2231,1929,1128,455,2030,727,1480,1464,1032,1282,588,1091,769
OXR1,yellow,ENSG00000164830,107293573,XM_015822728.2,55074,1311,1752,1171,1729,1272,1253,1166,2208,1032,1670,2137,1432,1968,1018,625,465,176,1437,284,1173,1124,504,912,226,506,205
WDR60,yellow,ENSG00000126870,107283559,XM_015811487.1,55112,281,251,254,270,220,321,265,170,274,223,282,292,290,471,113,125,61,386,61,246,223,312,327,196,181,127
UBR7,yellow,ENSG00000012963,107287214,XM_015815697.1,55148,270,314,277,222,294,203,240,209,258,204,262,268,239,2619,1945,1345,503,1671,647,1747,1921,1250,1017,654,1015,613
TMEM38B,yellow,ENSG00000095209,107291435,XM_015820433.1,55151,127,84,43,46,67,41,68,78,62,54,93,70,65,434,980,441,129,1526,199,1822,1029,654,1389,533,290,533
SEC61A2,yellow,ENSG00000065665,107297193,XM_015826553.1,55176,83,85,63,73,67,69,61,56,68,45,68,66,110,31,29,6,16,48,8,35,25,13,18,13,12,4
TMEM143,yellow,ENSG00000161558,107282470,XM_015810246.1,55260,46,74,55,67,90,67,76,41,58,52,61,62,63,136,102,31,8,122,16,80,82,36,129,48,28,68
GPALPP1,yellow,ENSG00000133114,107283201,XM_015811072.1,55425,421,430,349,418,386,365,373,362,359,385,386,401,461,2268,3058,1136,1221,2694,962,2107,1970,1167,1738,908,1106,767
STRADB,yellow,ENSG00000082146,107296972,XM_015826328.2,55437,199,217,163,189,164,185,195,200,139,150,258,192,233,347,378,210,26,364,60,515,338,190,372,139,125,118
CSGALNACT2,yellow,ENSG00000169826,107293256,XM_029285350.1,55454,243,140,115,109,115,147,115,92,151,119,116,160,140,291,390,180,288,312,113,719,526,117,339,231,170,143
DNAJA4,yellow,ENSG00000140403,107287784,XM_015816334.1,55466,296,495,235,224,200,215,364,241,285,167,213,254,374,166,131,39,12,165,40,83,114,61,79,65,53,42
SVOP,yellow,ENSG00000166111,107287291,XM_015815784.1,55530,39,40,33,28,53,30,33,40,34,25,33,26,50,8,10,3,0,14,0,10,17,0,11,4,3,3
SOX6,yellow,ENSG00000110693,107286428,XM_029283932.1,55553,70,89,64,52,82,89,109,70,51,83,105,97,153,178,471,91,63,380,39,327,238,117,331,140,92,127
STAB2,yellow,ENSG00000136011,107293123,XM_029285325.1,55576,28,21,14,22,15,29,33,16,43,42,20,43,31,44,33,20,4,27,6,56,46,20,40,16,41,21
CDC37L1,yellow,ENSG00000106993,107291604,XM_015820621.1,55664,186,242,166,154,213,145,181,197,240,171,186,205,208,69,39,38,5,51,18,45,82,71,61,17,37,8
MREG,yellow,ENSG00000118242,107303014,XM_015832194.2,55686,99,94,48,79,45,58,87,74,66,59,51,76,93,215,32,25,15,269,19,92,66,100,196,81,30,60
ASF1B,yellow,ENSG00000105011,107291154,XM_015820120.1,55723,14,1,2,3,2,6,2,2,3,2,2,3,3,70,53,13,29,49,10,32,53,36,61,27,44,13
NGLY1,yellow,ENSG00000151092,107283763,XM_015811706.2,55768,548,340,314,366,291,393,369,504,337,290,332,371,521,897,348,297,47,819,198,456,517,629,567,397,352,290
TSNAXIP1,yellow,ENSG00000102904,107288897,XM_015817560.1,55815,9,10,9,17,10,20,7,1,18,2,6,12,7,49,38,27,6,53,3,67,60,30,66,22,23,18
DOK5,yellow,ENSG00000101134,107292017,XM_015821079.1,55816,46,21,11,6,21,2,10,5,8,4,12,3,12,34,23,13,21,82,17,77,39,22,45,9,28,17
INKA2,yellow,ENSG00000197852,107292540,XM_015821638.1,55924,198,172,123,95,168,108,196,112,86,67,108,108,188,52,38,20,5,46,4,40,32,15,43,15,15,7
BCAP29,yellow,ENSG00000075790,107298718,XM_015828096.1,55973,295,144,99,94,103,86,112,106,141,148,115,120,201,215,311,140,111,231,108,297,371,198,260,118,213,137
LMOD3,yellow,ENSG00000163380,107302645,XM_015831762.1,56203,27,438,190,370,322,268,77,73,190,108,461,394,54,759,2019,303,599,2696,115,2769,2044,1138,3659,356,741,422
KIAA1217,yellow,ENSG00000120549,107283638,XM_015811568.2,56243,1894,2726,1743,2158,2086,2532,1604,1642,2059,1674,2497,2119,2609,3188,1616,856,387,2976,441,1539,2019,859,1673,1019,1014,622
GPCPD1,yellow,ENSG00000125772,107287452,XM_015815972.2,56261,2818,2229,1414,2202,2580,2545,1413,2926,2370,2720,3300,3009,3180,2675,3595,2055,477,5166,1505,3630,3763,2552,1759,1911,2353,1046
TWNK,yellow,ENSG00000107815,107285270,XM_029283632.1,56652,41,37,31,38,41,64,55,20,62,25,21,36,38,46,20,15,16,29,12,36,42,25,32,15,12,10
PANX2,yellow,ENSG00000073150,107294515,XM_015823749.1,56666,23,22,20,31,32,56,34,31,17,35,27,17,44,7,7,2,3,11,1,4,4,0,5,2,2,0
JPH1,yellow,ENSG00000104369,107295346,XM_015824657.1,56704,59,45,31,28,37,46,31,67,39,20,37,30,89,359,724,285,201,2023,142,1089,765,356,915,285,241,264
MAP3K7CL,yellow,ENSG00000156265,107290501,XM_015819387.1,56911,80,97,77,93,86,95,87,77,57,70,89,69,114,280,479,148,45,990,14,787,648,397,627,126,143,138
FEM1C,yellow,ENSG00000145780,107290896,XM_015819836.1,56929,527,356,274,336,520,268,262,353,270,241,310,374,501,1002,1341,509,83,1579,197,1792,1597,628,1502,563,448,410
SMYD2,yellow,ENSG00000143499,107289289,XM_015818018.1,56950,308,269,234,211,217,299,306,304,223,200,239,248,303,210,322,178,156,987,99,747,577,422,638,233,252,205
INTS12,yellow,ENSG00000138785,107303001,XM_015832217.1,57117,126,141,141,110,125,149,136,137,180,69,116,104,130,380,235,117,92,305,106,235,358,148,171,137,152,138
SCYL3,yellow,ENSG00000000457,107302874,XM_015832033.1,57147,443,324,314,375,292,348,282,414,360,241,452,310,473,740,546,374,90,484,172,708,612,311,498,253,337,244
JPH2,yellow,ENSG00000149596,107300351,XM_015829688.1,57158,64,259,118,111,342,199,140,102,146,68,215,184,208,152,955,191,122,1484,7,607,299,179,819,310,50,358
KAT14,yellow,ENSG00000149474,107299475,XM_015828833.1,57325,195,138,153,131,145,123,139,173,141,102,169,124,199,377,355,194,109,216,83,311,350,160,214,134,188,97
HHATL,yellow,ENSG00000010282,107284368,XM_015812415.1,57467,4,132,221,21,446,51,96,5,31,64,122,55,4,102,375,104,132,993,21,351,429,429,503,302,83,243
GRAMD1B,yellow,ENSG00000023171,107286487,XM_015814861.1,57476,113,90,69,136,81,84,78,50,59,42,100,80,98,13,8,1,2,29,1,11,9,2,8,9,4,1
MICAL3,yellow,ENSG00000243156,107292277,XM_015821355.1,57553,602,596,630,543,665,831,687,347,691,465,628,696,737,1035,1044,301,165,1560,106,1361,787,285,947,316,395,290
TRMT5,yellow,ENSG00000126814,107290951,XM_015819896.1,57570,302,362,235,297,312,311,287,261,296,245,375,310,343,451,255,178,68,461,141,318,430,213,255,118,221,92
CFAP97,yellow,ENSG00000164323,107302667,XM_015831795.1,57587,619,538,402,406,483,446,450,493,487,420,490,480,569,786,985,377,236,2238,133,1403,1066,470,983,417,323,233
STIM2,yellow,ENSG00000109689,107297748,XM_015827110.1,57620,479,413,245,174,403,193,284,578,182,242,189,232,619,408,802,203,362,1427,334,557,444,526,777,299,373,375
USP28,yellow,ENSG00000048028,107284758,XM_029283513.1,57646,347,407,352,319,275,362,310,270,307,241,386,285,385,228,230,80,97,477,44,201,235,136,223,116,150,108
GPAM,yellow,ENSG00000119927,107286249,XM_015814581.1,57678,333,399,268,238,289,180,318,375,272,251,278,233,476,165,120,62,8,154,17,124,80,45,86,34,55,21
FAM160B1,yellow,ENSG00000151553,107287319,XM_015815817.1,57700,570,402,293,384,327,372,306,357,349,362,383,421,529,1020,1082,524,246,836,395,1080,753,536,556,290,439,285
METTL14,yellow,ENSG00000145388,107294082,XM_015823288.1,57721,260,285,237,259,210,217,217,217,232,187,250,235,258,263,397,213,51,392,154,333,417,251,232,131,311,89
MYOZ1,yellow,ENSG00000177791,107299541,XM_015828900.2,58529,0,4,1,0,5,1,2,0,0,1,4,1,6,542,2166,659,1415,5877,114,3919,2631,2005,4839,931,611,1021
ZFAND3,yellow,ENSG00000156639,107294284,XM_015823507.1,60685,369,495,406,481,491,509,474,232,352,262,393,345,389,318,280,178,77,284,134,395,397,160,346,141,167,96
LHPP,yellow,ENSG00000107902,107301475,XM_015830697.1,64077,112,143,120,134,184,160,148,93,89,112,192,134,136,521,417,270,306,805,166,438,433,348,414,165,388,201
POPDC2,yellow,ENSG00000121577,107286233,XM_029283855.1,64091,33,16,5,21,19,14,22,20,11,7,14,14,31,7,14,4,4,27,5,24,15,5,24,9,7,2
HERPUD2,yellow,ENSG00000122557,107283803,XM_015811758.2,64224,328,307,263,224,275,295,224,238,204,167,272,316,288,1109,681,350,216,1261,262,653,657,921,1109,523,362,611
ATL2,yellow,ENSG00000119787,107284021,XM_029283391.1,64225,1376,1658,1313,1167,1586,1396,1440,1587,1979,1529,1566,1419,1927,542,592,324,117,1270,252,545,493,345,566,293,233,278
RNF25,yellow,ENSG00000163481,107291478,XM_015820476.1,64320,81,75,56,51,74,63,67,64,63,47,70,72,78,288,335,139,35,169,81,288,283,123,295,80,120,65
ZNF106,yellow,ENSG00000103994,107295756,XM_015825081.1,64397,2255,2485,1782,2010,2291,1690,1776,2007,1717,1586,1927,1745,2184,680,1463,746,564,1588,252,1763,852,944,1308,667,648,808
ATPAF1,yellow,ENSG00000123472,107284489,XM_015812553.1,64756,431,507,406,531,510,391,448,419,436,454,534,456,481,1389,1310,709,754,1402,626,2173,1614,782,1177,432,925,383
EXO5,yellow,ENSG00000164002,107293509,XM_029285413.1,64789,48,37,39,27,28,56,27,40,38,41,35,44,64,3,5,2,2,10,2,4,5,1,7,1,3,3
CEP85,yellow,ENSG00000130695,107295743,XM_015825068.1,64793,106,52,71,76,77,72,68,96,81,47,71,75,114,320,797,280,85,708,99,971,649,558,1278,349,252,345
SPATA20,yellow,ENSG00000006282,107284097,XM_015812103.1,64847,233,543,568,346,548,609,534,172,357,235,495,244,292,624,869,426,155,651,214,589,582,229,566,255,330,256
ETNPPL,yellow,ENSG00000164089,107283097,XM_015810984.2,64850,1,738,631,294,670,457,439,4,204,127,673,322,6,988,773,868,264,3080,598,1182,1043,555,932,1021,617,839
GRAMD2B,yellow,ENSG00000155324,107285819,XM_029283759.1,65983,514,414,381,473,413,458,345,476,341,367,472,416,559,138,146,56,7,184,15,136,138,24,135,41,14,29
FUNDC2,yellow,ENSG00000165775,107295411,XM_015824726.2,65991,528,561,355,363,447,360,443,462,391,408,507,492,574,54,41,22,11,52,2,47,34,12,93,15,10,20
DUSP26,yellow,ENSG00000133878,107291996,XM_015821051.1,78986,11,3,5,8,8,21,3,7,6,10,13,7,18,148,484,112,268,768,27,1032,409,248,794,360,121,281
TMEM38A,yellow,ENSG00000072954,107282218,XM_015809977.1,79041,44,96,78,66,79,81,110,73,74,70,100,67,69,511,1521,416,446,3447,54,1480,1117,603,2094,686,127,745
ASPSCR1,yellow,ENSG00000169696,107296181,XM_015825528.2,79058,395,410,253,247,422,413,384,242,377,218,299,413,511,1063,756,362,240,797,365,792,745,422,603,276,485,265
LENG1,yellow,ENSG00000105617,107283108,XM_015810959.1,79165,1,2,4,0,26,0,3,0,0,7,0,5,5,428,163,128,115,363,115,200,229,242,242,136,165,100
LRRC2,yellow,ENSG00000163827,107288341,XM_015816955.2,79442,69,91,67,151,84,143,99,71,83,98,208,166,94,111,113,35,25,302,15,385,130,171,496,87,56,90
NAA16,yellow,ENSG00000172766,107283199,XM_015811069.1,79612,314,300,192,219,202,227,196,254,284,195,220,196,331,30,30,16,8,40,6,25,27,23,25,15,21,7
GALNT14,yellow,ENSG00000158089,107289722,XM_015818526.1,79623,22,72,27,13,34,35,34,8,28,20,20,27,17,161,308,63,36,286,11,326,206,84,354,36,50,88
CLIP4,yellow,ENSG00000115295,107296236,XM_015825586.1,79745,271,235,258,284,198,244,189,143,191,265,174,166,254,1005,964,354,98,1276,182,1476,1161,314,782,534,471,332
SUGCT,yellow,ENSG00000175600,107284934,XM_015813065.1,79783,37,34,13,14,28,18,29,35,20,19,24,14,43,312,99,89,55,305,38,132,152,135,163,136,88,105
RNF122,yellow,ENSG00000133874,107291992,XM_015821048.1,79845,100,59,26,50,99,67,57,90,41,36,65,95,108,43,21,17,6,42,2,46,45,14,41,15,36,12
CSPP1,yellow,ENSG00000104218,107297314,XM_029286274.1,79848,366,271,258,264,278,257,237,291,296,223,264,313,353,443,301,186,70,360,108,478,491,316,424,176,309,124
TMC7,yellow,ENSG00000170537,107296955,XM_029286260.1,79905,59,40,40,42,42,60,44,36,43,35,34,55,90,35,52,22,12,43,14,18,24,15,32,11,24,20
SPEF2,yellow,ENSG00000152582,107294756,XM_015824013.1,79925,185,256,173,195,184,200,220,184,180,198,214,198,232,96,35,22,3,116,6,115,90,108,116,65,67,23
SYNPO2L,yellow,ENSG00000166317,107297051,XM_029286211.1,79933,16,37,32,19,38,32,28,23,21,19,20,21,24,24,77,15,23,134,4,38,26,53,62,61,14,42
L2HGDH,yellow,ENSG00000087299,107296219,XM_015825569.1,79944,236,306,243,230,296,281,296,235,224,180,258,260,252,10,16,44,48,114,11,53,59,51,110,14,11,8
PLEKHH3,yellow,ENSG00000068137,107302415,XM_015831520.1,79990,241,186,117,179,196,304,262,182,190,161,225,160,370,574,180,73,26,481,39,93,178,71,172,90,55,83
TEDC2,yellow,ENSG00000162062,107297589,XM_015826950.2,80178,20,12,14,9,17,17,13,1,6,10,13,13,6,89,112,69,51,63,16,64,80,22,97,60,68,32
FHOD3,yellow,ENSG00000134775,107288351,XM_015816968.1,80206,168,496,289,211,394,344,369,155,230,294,453,230,244,398,262,112,60,449,25,408,245,255,688,121,169,103
COQ10B,yellow,ENSG00000115520,107284911,XM_015813039.1,80219,263,184,150,160,233,126,155,234,206,152,188,220,271,1494,1098,880,131,3575,646,1619,1692,980,1182,595,723,493
CEP63,yellow,ENSG00000182923,107287131,XM_029284065.1,80254,188,245,184,202,209,173,173,226,184,153,161,229,281,75,40,32,4,65,15,62,60,31,50,34,34,14
CDK5RAP3,yellow,ENSG00000108465,107282630,XM_015810439.1,80279,1350,1864,1344,1663,1455,1924,1253,1307,1592,1371,1526,1626,1891,1441,674,599,479,832,388,500,702,760,1026,493,437,452
GKAP1,yellow,ENSG00000165113,107284449,XM_015812509.1,80318,53,73,54,66,63,55,62,84,45,42,41,63,78,130,109,63,84,163,30,199,175,103,160,46,129,52
ABTB1,yellow,ENSG00000114626,107302450,XM_015831556.1,80325,130,181,225,212,207,328,215,61,218,165,232,202,165,245,251,124,11,170,40,230,249,74,214,94,94,104
THAP7,yellow,ENSG00000184436,107282395,XM_015810167.1,80764,148,258,150,161,205,207,212,167,118,228,164,196,187,247,142,74,47,125,49,114,114,122,194,97,50,79
LNPK,yellow,ENSG00000144320,107286576,XM_015814969.1,80856,581,440,266,354,359,344,366,470,327,331,343,416,594,310,273,121,57,249,82,394,241,140,290,108,176,82
KCNH6,yellow,ENSG00000173826,107302365,XM_029287229.1,81033,23,24,19,18,24,19,24,9,12,9,22,13,17,0,0,1,0,5,1,8,1,1,8,0,1,0
SYNC,yellow,ENSG00000162520,107283736,XM_015811674.1,81493,231,214,164,172,184,223,179,199,172,169,167,183,233,647,222,108,77,542,75,248,471,149,369,129,136,142
TDRD3,yellow,ENSG00000083544,107284439,XM_015812495.1,81550,319,290,223,234,311,301,315,285,273,282,344,277,473,90,84,38,30,87,30,84,52,33,71,27,44,32
CYRIA,yellow,ENSG00000197872,107287809,XM_015816356.1,81553,218,71,65,114,90,86,112,144,61,58,72,90,212,396,204,84,15,363,11,345,214,177,273,79,86,117
C1orf21,yellow,ENSG00000116667,107288062,XM_015816638.1,81563,464,206,209,172,267,204,280,215,197,248,283,266,464,119,162,85,59,306,40,263,209,94,378,64,86,68
SLCO5A1,yellow,ENSG00000137571,107290510,XM_015819394.1,81796,43,23,17,45,13,55,31,14,33,42,28,46,24,10,1,0,3,9,1,1,3,3,6,0,0,1
RNF146,yellow,ENSG00000118518,107287701,XM_015816233.1,81847,367,257,235,235,217,287,248,246,308,184,316,256,357,836,683,343,169,672,226,939,835,371,735,253,399,253
RAMAC,yellow,ENSG00000169612,107297680,XM_015827040.1,83640,140,180,156,99,148,117,99,155,172,166,155,178,169,369,268,122,87,382,56,232,282,98,214,106,212,52
ESYT3,yellow,ENSG00000158220,107290280,XM_029284720.1,83850,55,101,65,56,95,43,78,40,87,61,105,67,67,41,38,67,19,85,35,75,61,32,141,30,29,53
FSD1L,yellow,ENSG00000106701,107291433,XM_015820430.1,83856,103,26,15,39,44,52,16,31,56,70,72,68,69,215,127,122,68,156,55,209,197,120,213,86,104,79
C19orf44,yellow,ENSG00000105072,107282214,XM_029282965.1,84167,63,118,77,89,87,131,98,43,90,61,116,102,89,94,110,78,35,93,33,177,170,61,130,52,106,38
SETD3,yellow,ENSG00000183576,107291307,XM_015820302.1,84193,947,1421,1067,1082,1108,776,1096,1085,921,841,1056,954,1090,1257,923,643,150,1085,337,1081,1125,687,1024,397,657,320
GINS4,yellow,ENSG00000147536,107289255,XM_015817979.1,84296,83,50,50,37,56,75,57,38,44,42,36,68,70,70,40,8,21,55,9,39,55,31,52,23,39,10
MIEN1,yellow,ENSG00000141741,107303071,XM_015832262.1,84299,192,174,156,146,143,202,148,189,134,107,166,183,190,1779,700,592,212,1163,531,843,945,1560,942,624,682,504
VPS25,yellow,ENSG00000131475,107285914,XM_015814181.1,84313,199,172,182,164,171,196,177,224,196,129,190,198,238,571,178,107,114,319,89,172,242,336,251,184,159,128
ABLIM2,yellow,ENSG00000163995,107299968,XM_029286911.1,84448,37,9,18,15,11,19,14,11,22,12,3,21,14,47,113,10,69,220,5,50,39,29,66,28,14,66
FAM120B,yellow,ENSG00000112584,107290184,XM_015819046.1,84498,333,317,307,290,338,354,303,322,309,225,393,350,382,200,268,134,87,138,80,221,193,104,208,114,201,98
MYPN,yellow,ENSG00000138347,107288092,XM_029284266.1,84665,22,24,27,15,15,23,36,27,20,18,25,22,23,120,269,45,32,594,5,183,81,74,240,85,50,86
TRIM55,yellow,ENSG00000147573,107288944,XM_015817616.2,84675,2,6,2,11,2,6,8,2,6,6,8,4,9,57,236,67,32,537,11,381,216,78,501,165,69,140
TRIM63,yellow,ENSG00000158022,107295685,XM_015825013.1,84676,5,3,8,13,8,5,7,4,1,4,2,4,2,503,408,101,89,299,30,617,291,650,689,101,317,173
C9orf24,yellow,ENSG00000164972,107298610,XM_015827987.1,84688,2,28,12,9,12,11,9,0,7,10,12,14,6,78,43,34,19,172,14,119,260,143,176,69,102,48
MYO18B,yellow,ENSG00000133454,107287275,XM_015815768.1,84700,3,3,4,1,1,1,4,1,2,1,0,0,2,24,49,9,27,98,2,31,21,30,37,17,13,24
CNDP1,yellow,ENSG00000150656,107291693,XM_029284990.1,84735,37,40,34,30,41,45,36,35,39,37,28,36,47,46,21,13,3,30,1,7,18,9,32,15,8,18
GPAT3,yellow,ENSG00000138678,107303179,XM_015832378.1,84803,61,69,50,31,44,32,34,85,49,25,16,47,65,585,420,284,191,449,198,527,657,257,342,200,369,231
PLPP7,yellow,ENSG00000160539,107295983,XM_015825319.1,84814,25,23,6,17,21,20,39,14,11,12,25,21,26,77,148,19,17,277,0,92,121,52,226,42,38,82
PTPN5,yellow,ENSG00000110786,107290720,XM_029284802.1,84867,25,34,19,32,29,19,20,18,29,17,24,26,31,19,11,7,4,29,2,35,18,10,17,5,19,8
FAM207A,yellow,ENSG00000160256,107284293,XM_029283413.1,85395,60,73,51,64,66,75,81,44,76,49,57,71,85,371,203,178,47,242,109,277,312,141,228,138,150,90
SLC22A16,yellow,ENSG00000004809,107290138,XM_015818995.1,85413,33,25,22,35,30,32,36,28,22,31,25,41,35,72,156,69,12,220,84,137,144,117,187,68,43,91
STON2,yellow,ENSG00000140022,107295476,XM_015824792.2,85439,239,133,89,221,140,217,131,147,240,146,193,254,217,232,203,102,72,275,61,211,238,102,142,105,161,41
KNDC1,yellow,ENSG00000171798,107290946,XM_029284842.1,85442,6,28,22,61,70,51,32,6,28,71,56,9,11,68,66,34,10,45,14,129,77,42,81,31,40,26
DPH6,yellow,ENSG00000134146,107285394,XM_015813576.1,89978,220,225,187,152,233,210,184,182,182,183,228,196,260,195,148,142,40,151,77,115,187,127,136,84,110,59
MLIP,yellow,ENSG00000146147,107296766,XM_015826118.1,90523,22,48,60,41,50,31,50,16,39,36,49,41,30,27,72,4,12,105,0,43,28,10,68,7,5,23
ZNF830,yellow,ENSG00000198783,107289448,XM_015818220.1,91603,109,77,77,59,110,60,65,115,76,65,82,116,109,356,114,74,27,270,54,220,187,151,222,107,145,87
MYOZ3,yellow,ENSG00000164591,107300402,XM_015829734.1,91977,9,18,4,12,19,15,15,12,12,7,11,8,18,1,28,4,6,51,1,23,32,6,30,16,0,12
DUSP27,yellow,ENSG00000198842,107291155,XM_015820121.1,92235,2,0,0,0,1,1,3,1,3,0,1,1,5,3066,3970,843,200,2937,141,7504,5309,1191,18847,599,909,1577
RCSD1,yellow,ENSG00000198771,107298058,XM_015827420.1,92241,263,103,82,149,95,261,125,100,119,135,157,251,166,189,214,92,50,227,61,522,324,165,466,112,154,76
MRPS36,yellow,ENSG00000134056,107300616,XM_015829929.1,92259,77,46,68,62,77,83,32,84,88,74,69,71,63,657,418,427,202,755,215,648,717,521,560,216,393,134
SPSB4,yellow,ENSG00000175093,107286678,XM_015815077.1,92369,5,1,2,0,0,0,1,2,1,2,0,1,5,48,35,16,2,49,1,28,18,7,41,21,6,4
ASB16,yellow,ENSG00000161664,107303047,XM_015832234.1,92591,43,42,28,23,42,65,65,41,39,26,45,54,67,242,391,79,86,1673,30,444,298,432,780,337,107,260
COQ10A,yellow,ENSG00000135469,107290880,XM_015819821.1,93058,83,112,81,124,117,126,92,106,106,101,122,106,125,36,22,11,4,50,2,15,12,5,30,4,4,11
LEMD1,yellow,ENSG00000186007,107289111,XM_015817803.1,93273,2,13,2,0,2,3,8,5,3,4,2,2,11,37,63,19,24,74,7,49,50,34,37,47,16,25
ZFAND4,yellow,ENSG00000172671,107295095,XM_015824389.1,93550,152,99,74,101,86,111,109,164,127,97,106,132,180,226,355,249,90,236,132,276,389,199,285,135,168,71
GLCCI1,yellow,ENSG00000106415,107283662,XM_015811595.2,113263,456,318,171,365,227,283,222,294,249,330,252,273,399,684,240,182,127,518,175,492,406,466,570,269,343,153
ADPRHL1,yellow,ENSG00000153531,107290441,XM_015819320.1,113622,51,73,82,128,131,91,76,35,81,120,149,86,66,17,90,22,36,180,12,376,73,62,241,38,80,66
OSBPL5,yellow,ENSG00000021762,107297639,XM_015827001.2,114879,392,371,388,439,469,492,350,291,443,352,533,396,386,535,602,542,168,888,407,869,530,439,541,324,397,363
OSBPL6,yellow,ENSG00000079156,107290008,XM_015818847.1,114880,85,53,28,38,53,51,39,73,41,22,41,52,86,293,252,195,117,385,85,242,186,136,301,116,160,119
DDIT4L,yellow,ENSG00000145358,107298930,XM_015828291.1,115265,24,33,43,50,85,85,59,54,84,84,168,125,28,306,405,70,12,291,13,1253,349,83,661,115,103,47
MALSU1,yellow,ENSG00000156928,107282785,XM_015810611.1,115416,95,121,107,104,110,108,96,91,90,85,115,128,101,377,127,70,50,195,38,158,143,138,190,99,98,68
ARHGEF25,yellow,ENSG00000240771,107294727,XM_015823982.1,115557,150,102,77,79,114,154,81,70,107,94,167,93,132,93,96,27,17,86,6,106,76,33,138,52,20,60
KLHDC3,yellow,ENSG00000124702,107296313,XM_015825659.1,116138,523,666,581,593,610,658,590,600,534,453,669,581,586,768,860,392,141,672,280,562,667,293,698,253,323,285
PPP1R27,yellow,ENSG00000182676,107295828,XM_015825160.1,116729,2,4,1,2,0,1,1,1,3,0,1,5,1,928,2902,477,941,6839,137,4167,3100,2720,3972,1014,941,809
FAT3,yellow,ENSG00000165323,107293906,XM_029285492.1,120114,96,28,20,23,33,62,48,20,35,38,15,28,113,8,19,3,3,29,3,19,27,1,28,6,11,9
CCDC38,yellow,ENSG00000165972,107284554,XM_015812628.1,120935,49,43,35,26,38,37,39,30,27,29,35,53,45,45,51,24,10,54,8,74,40,12,32,21,29,10
ANKRD9,yellow,ENSG00000156381,107298925,XM_015828282.1,122416,417,430,315,361,450,407,498,361,402,338,432,537,600,46,93,15,76,287,9,200,75,119,129,39,40,31
ADSS1,yellow,ENSG00000185100,107302432,XM_015831537.1,122622,59,62,49,60,58,77,90,53,53,57,68,83,87,56,237,23,23,150,16,189,91,100,135,29,23,65
LRR1,yellow,ENSG00000165501,107298228,XM_015827603.1,122769,47,27,21,31,25,39,36,25,22,29,30,34,49,49,27,11,16,31,13,41,62,22,37,15,16,9
KLHDC1,yellow,ENSG00000197776,107298234,XM_015827611.1,122773,108,145,119,119,99,78,109,94,82,107,95,107,141,37,43,30,1,37,41,87,50,26,73,16,59,27
SLC51B,yellow,ENSG00000186198,107290292,XM_015819159.1,123264,14,4,5,4,16,9,13,9,4,7,9,8,11,150,104,69,58,100,35,243,156,97,162,75,98,50
LRRC28,yellow,ENSG00000168904,107283867,XM_015811840.2,123355,184,191,151,180,206,146,166,154,134,140,182,178,183,135,70,62,9,108,25,61,75,36,73,33,59,35
AGBL1,yellow,ENSG00000273540,107284150,XM_015812163.1,123624,34,24,20,10,25,26,35,25,28,9,36,32,36,18,170,26,8,110,0,50,12,34,49,35,6,63
MIEF2,yellow,ENSG00000177427,107289125,XM_015817820.1,125170,72,108,90,95,95,116,105,84,72,69,135,73,109,26,30,4,6,23,3,27,19,7,23,10,9,10
HSPB6,yellow,ENSG00000004776,107287998,XM_015816571.1,126393,17,81,53,14,93,32,64,1,34,13,24,22,16,1315,1585,503,2307,3673,207,5206,2806,1549,2554,870,830,582
TYW3,yellow,ENSG00000162623,107285065,XM_015813213.1,127253,305,275,233,238,303,231,217,237,256,248,295,269,344,132,80,35,34,115,15,97,71,59,53,40,41,22
CHMP4B,yellow,ENSG00000101421,107294016,XM_015823219.1,128866,279,347,259,349,295,345,284,264,287,228,319,323,309,1869,1749,515,178,756,419,1496,1298,796,1093,500,715,343
TANGO2,yellow,ENSG00000183597,107295455,XM_015824768.1,128989,308,231,203,200,260,258,278,180,250,201,278,237,305,478,325,244,127,339,189,299,319,241,263,135,257,164
XIRP2,yellow,ENSG00000163092,107293214,XM_015822354.1,129446,2,1,0,2,3,0,7,1,1,2,0,0,1,1942,5695,3247,1428,16022,378,8209,4893,14786,6767,5281,3105,3887
FBLN7,yellow,ENSG00000144152,107296308,XM_015825655.1,129804,56,34,41,24,47,39,66,13,13,15,35,36,35,54,93,83,36,90,7,129,102,19,93,62,32,32
BBS5,yellow,ENSG00000163093,107297958,XM_029286421.1,129880,184,193,126,121,161,174,150,141,148,139,140,149,214,357,244,195,82,383,114,246,258,216,262,151,330,101
TMEM182,yellow,ENSG00000170417,107288205,XM_015816790.1,130827,641,544,420,520,508,510,548,692,414,372,509,477,738,47,325,82,48,645,10,581,311,153,458,102,161,110
TMEM42,yellow,ENSG00000169964,107294156,XM_015823368.1,131616,35,47,44,44,39,52,54,42,46,30,50,55,51,291,139,139,29,214,55,157,180,196,280,147,100,106
LSMEM2,yellow,ENSG00000179564,107288721,XM_015817364.1,132228,5,15,4,3,16,20,8,2,16,4,8,8,16,50,139,33,46,49,35,104,49,55,91,43,52,37
SETD9,yellow,ENSG00000155542,107292311,XM_015821393.1,133383,32,81,53,44,48,37,66,33,23,41,69,57,38,71,59,54,32,154,42,79,62,102,82,33,82,54
ACOT12,yellow,ENSG00000172497,107286315,XM_015814662.1,134526,4,5,3,2,0,1,2,0,1,0,0,0,8,98,56,18,5,72,13,44,75,24,49,7,35,23
HINT3,yellow,ENSG00000111911,107289335,XM_015818071.1,135114,463,458,410,510,408,397,438,554,560,521,595,513,638,358,228,124,111,278,74,229,278,215,156,76,153,83
ASB8,yellow,ENSG00000177981,107288526,XM_015817153.1,140461,264,372,279,333,321,333,297,252,262,277,347,293,315,112,91,55,18,107,22,92,80,52,131,52,41,29
ASB15,yellow,ENSG00000146809,107293120,XM_015822258.1,142685,4,9,4,2,6,7,4,1,3,0,5,2,4,83,101,50,18,205,20,153,118,66,181,43,43,47
ASB14,yellow,ENSG00000239388,107297187,XM_015826546.1,142686,34,29,40,46,29,39,27,25,53,43,40,24,48,322,575,126,31,729,21,750,580,183,781,123,122,177
HECTD2,yellow,ENSG00000165338,107289978,XM_015818809.1,143279,392,304,213,258,257,226,244,214,240,274,257,253,321,49,32,18,3,115,14,56,69,10,82,5,19,10
TMEM86A,yellow,ENSG00000151117,107290719,XM_015819623.1,144110,60,24,39,38,36,58,53,34,38,28,46,49,55,0,8,1,4,10,0,7,0,5,7,0,1,3
AMDHD1,yellow,ENSG00000139344,107284568,XM_015812641.1,144193,31,60,38,37,34,33,54,62,41,59,44,29,74,14,8,2,1,12,0,34,17,1,19,3,11,4
BEST3,yellow,ENSG00000127325,107283835,XM_015811799.1,144453,86,88,61,61,62,62,94,84,59,61,78,63,98,30,145,24,15,375,5,206,152,59,237,64,34,50
E2F7,yellow,ENSG00000165891,107290768,XM_029284811.1,144455,26,0,0,1,0,1,7,2,1,2,0,1,3,35,2,16,1,47,2,9,18,9,72,32,14,10
FAM216B,yellow,ENSG00000179813,107283210,XM_015811082.1,144809,42,0,0,1,0,0,5,1,3,0,1,3,6,31,18,5,8,48,4,60,48,23,48,4,41,12
VWA3A,yellow,ENSG00000175267,107292096,XM_029285087.1,146177,1,4,6,2,7,5,8,2,8,1,6,4,4,51,23,8,7,72,0,49,27,22,38,24,32,44
PIK3R6,yellow,ENSG00000276231,107286775,XM_015815198.1,146850,37,4,7,8,3,20,19,3,4,7,3,9,6,55,152,167,48,158,30,114,69,71,173,86,46,120
UNC45B,yellow,ENSG00000141161,107288938,XM_015817610.1,146862,9,14,2,4,10,7,14,10,6,20,8,13,17,262,788,115,55,1462,22,532,364,266,835,311,94,270
C1orf52,yellow,ENSG00000162642,107285245,XM_015813418.1,148423,155,116,125,119,111,120,125,96,113,101,106,109,135,473,358,252,105,483,163,373,495,383,287,166,233,172
LSM14B,yellow,ENSG00000149657,107289388,XM_015818136.1,149986,274,292,261,227,279,270,253,255,201,178,250,227,336,111,190,71,44,117,36,101,133,47,96,52,97,34
SMYD1,yellow,ENSG00000115593,107302384,XM_015831484.2,150572,3,1,2,0,0,0,4,0,2,1,1,0,1,406,641,143,222,1800,28,1069,756,598,4497,467,195,538
GPR155,yellow,ENSG00000163328,107287385,XM_029284126.1,151556,448,445,330,375,371,385,384,298,335,255,377,387,420,427,197,175,16,179,62,230,211,112,298,139,112,82
ARSK,yellow,ENSG00000164291,107302783,XM_015831936.1,153642,71,52,67,84,47,61,41,45,72,59,92,68,65,262,445,276,22,325,97,273,348,155,175,77,166,70
CCDC112,yellow,ENSG00000164221,107290897,XM_015819837.1,153733,95,126,98,83,104,84,88,130,85,93,91,93,125,88,36,43,16,226,29,144,108,134,67,84,90,24
ESCO2,yellow,ENSG00000171320,107291038,XM_015819989.1,157570,84,47,45,38,63,57,69,41,43,58,49,51,62,102,5,24,0,49,2,50,39,28,85,25,53,7
FBXO16,yellow,ENSG00000214050,107295747,XM_029285908.1,157574,66,45,47,45,48,67,66,64,42,38,72,50,71,425,155,33,7,294,31,354,97,173,380,202,249,150
LMNTD1,yellow,ENSG00000152936,107297054,XM_015826412.1,160492,32,20,26,30,27,25,31,12,23,27,27,20,21,10,1,4,2,17,0,6,25,8,20,5,7,3
FITM1,yellow,ENSG00000139914,107293098,XM_015822234.1,161247,2,5,3,1,4,2,2,3,0,0,3,1,5,28,51,10,34,65,2,69,56,19,153,18,6,29
RNF168,yellow,ENSG00000163961,107294965,XM_015824242.1,165918,370,195,214,265,228,245,180,292,199,185,183,264,365,608,722,491,124,750,326,516,877,657,495,280,515,242
KBTBD12,yellow,ENSG00000187715,107302448,XM_015831553.1,166348,121,152,198,169,151,160,136,125,117,62,105,78,170,20,67,20,3,142,0,148,69,23,116,32,11,25
FAM151B,yellow,ENSG00000152380,107289753,XM_015818558.1,167555,139,80,74,72,71,89,74,97,69,66,80,88,140,234,171,123,12,378,151,302,418,298,295,131,184,136
TXLNB,yellow,ENSG00000164440,107293045,XM_015822176.1,167838,51,15,13,23,14,37,16,13,8,21,37,24,43,2089,6561,1039,956,7673,195,9518,4620,2443,14684,1112,979,1940
SYNPO2,yellow,ENSG00000172403,107297628,XM_015826989.2,171024,758,374,281,353,474,614,360,346,430,349,571,632,746,1183,4360,994,596,6702,155,3050,2665,1493,3866,755,1037,846
PRXL2C,yellow,ENSG00000158122,107296649,XM_015825995.1,195827,151,83,78,52,114,83,91,64,75,56,72,74,74,113,124,46,41,201,59,147,146,91,146,46,143,22
ADCY4,yellow,ENSG00000129467,107286594,XM_029283957.1,196883,100,48,39,39,64,38,51,28,59,33,45,56,76,77,44,15,12,83,22,41,55,5,24,23,19,10
PLD5,yellow,ENSG00000180287,107295488,XM_015824804.2,200150,51,27,22,52,28,53,50,39,56,37,66,64,58,5,6,0,0,12,0,16,9,1,8,0,4,3
GABRR3,yellow,ENSG00000183185,107302760,XM_029287293.1,200959,19,16,9,19,17,14,19,17,21,17,20,17,17,14,38,17,26,78,2,78,73,48,160,63,18,58
DHRS7C,yellow,ENSG00000184544,107292538,XM_015821637.1,201140,0,0,0,0,0,0,0,1,0,0,0,0,1,111,576,159,31,788,14,798,622,340,785,269,83,334
SAMD14,yellow,ENSG00000167100,107282608,XM_015810414.1,201191,29,38,30,43,28,32,32,16,38,6,27,24,20,11,1,1,0,11,0,1,3,1,7,0,5,0
RAB12,yellow,ENSG00000206418,107285985,XM_015814269.1,201475,120,16,111,18,17,164,12,9,80,193,170,178,214,401,366,156,118,527,136,556,396,282,366,141,295,148
TAPT1,yellow,ENSG00000169762,107289982,XM_015818816.2,202018,365,521,358,296,442,286,379,351,332,338,338,353,395,664,603,510,222,814,314,1317,827,599,469,329,422,234
CMYA5,yellow,ENSG00000164309,107287870,XM_015816424.1,202333,1014,708,418,934,566,822,412,692,536,565,1374,694,1497,991,2539,579,369,7839,106,3612,2156,1421,4591,782,1000,921
TMEM184A,yellow,ENSG00000164855,107290613,XM_015819511.1,202915,471,627,467,496,821,731,668,454,542,513,709,490,1136,86,136,28,38,134,48,66,98,29,86,34,41,49
C9orf72,yellow,ENSG00000147894,107290673,XM_015819576.2,203228,216,240,163,182,296,158,197,192,150,124,182,207,197,847,672,455,427,801,280,1323,1040,710,701,369,460,317
PPP1R32,yellow,ENSG00000162148,107287894,XM_029284245.1,220004,33,26,27,25,33,26,35,13,15,27,30,24,32,34,25,12,6,28,3,43,38,19,33,8,19,15
OARD1,yellow,ENSG00000124596,107287064,XM_015815522.1,221443,167,182,182,197,160,210,153,177,158,225,209,218,257,130,152,98,50,275,41,267,219,181,279,193,124,96
LEMD2,yellow,ENSG00000161904,107287063,XM_015815521.1,221496,562,623,501,527,496,518,501,399,489,392,537,461,625,677,361,276,107,357,158,597,579,234,461,176,291,164
RBM24,yellow,ENSG00000112183,107291515,XM_015820518.1,221662,5,11,15,15,31,3,6,6,3,2,6,10,7,54,64,23,6,98,5,154,81,56,85,27,27,30
TWISTNB,yellow,ENSG00000105849,107282966,XM_015810805.1,221830,177,166,95,125,149,130,107,153,123,152,129,167,188,379,200,117,111,275,129,174,237,257,230,112,190,95
THSD7A,yellow,ENSG00000005108,107283858,XM_015811827.1,221981,219,53,43,45,53,48,51,30,77,71,49,47,77,72,106,78,40,141,51,109,132,70,106,47,51,30
STAC3,yellow,ENSG00000185482,107287806,XM_015816353.1,246329,16,22,9,4,13,6,19,5,22,19,17,12,15,111,261,48,15,366,4,168,140,51,398,83,28,45
CADM2,yellow,ENSG00000175161,107290044,XM_015818887.1,253559,14,15,18,31,20,24,24,9,22,22,20,21,20,57,85,16,6,140,8,141,36,15,95,33,25,37
EBF3,yellow,ENSG00000108001,107284028,XM_029283363.1,253738,154,100,79,55,114,50,123,59,38,47,64,60,98,47,65,33,8,49,15,63,66,25,52,24,29,29
MSRB3,yellow,ENSG00000174099,107291703,XM_015820733.1,253827,421,276,238,179,358,295,241,202,271,156,265,229,387,23,51,39,20,120,21,73,78,47,33,47,20,25
YTHDF3,yellow,ENSG00000185728,107302723,XM_015831867.1,253943,1015,932,772,842,972,734,766,751,858,731,763,952,1072,1011,847,368,232,667,345,594,668,380,413,313,373,302
KCTD13,yellow,ENSG00000174943,107282714,XM_015810531.1,253980,172,161,138,190,167,258,193,121,189,137,206,197,168,111,55,36,38,55,14,39,76,39,134,49,24,50
SMCO1,yellow,ENSG00000214097,107294956,XM_015824231.1,255798,3,1,1,2,3,1,5,4,4,1,1,2,4,53,117,39,33,245,5,178,114,128,164,70,43,55
FRMD3,yellow,ENSG00000172159,107284445,XM_015812504.1,257019,98,101,73,75,94,78,68,73,99,87,106,100,85,27,45,4,1,42,0,62,33,19,27,10,5,15
KLHL34,yellow,ENSG00000185915,107286130,XM_015814428.1,257240,2,1,3,2,4,8,7,2,1,3,5,2,1,9,65,31,15,68,2,110,52,94,97,38,15,51
SVIP,yellow,ENSG00000198168,107293016,XM_015822145.1,258010,419,313,297,319,252,250,291,425,332,256,356,356,512,442,425,286,127,377,123,588,580,240,334,157,363,149
C10orf53,yellow,ENSG00000178645,107293834,XM_015823022.1,282966,30,22,22,21,21,27,53,19,17,28,25,19,42,2,2,4,0,6,0,14,12,10,11,1,6,0
IGSF22,yellow,ENSG00000179057,107290716,XM_015819620.1,283284,16,9,11,14,13,10,18,11,23,4,15,8,11,3996,22283,4033,5065,58325,745,18561,9317,13666,30620,6590,3558,7799
ADGRD1,yellow,ENSG00000111452,107295818,XM_015825146.1,283383,195,109,102,122,120,113,145,110,115,97,139,107,212,54,35,9,3,48,3,45,45,3,76,4,15,23
MORN3,yellow,ENSG00000139714,107287006,XM_015815456.1,283385,72,55,34,45,55,60,45,49,41,35,51,41,56,119,59,47,17,160,21,122,91,81,123,59,85,26
FAM169B,yellow,ENSG00000283597,107290591,XM_029284777.1,283777,23,14,6,6,23,17,35,15,17,13,13,23,33,7,8,4,1,22,1,8,6,3,20,1,3,6
FBXL22,yellow,ENSG00000197361,107283151,XM_015811016.1,283807,26,58,41,34,37,83,31,38,35,19,63,43,58,129,397,68,146,737,43,356,229,96,405,187,80,220
MEIOC,yellow,ENSG00000180336,107302356,XM_029287217.1,284071,66,60,51,67,49,59,84,51,59,67,59,59,62,11,24,5,5,21,0,14,19,7,25,12,14,3
CAVIN1,yellow,ENSG00000177469,107282652,XM_015810463.1,284119,2316,868,925,549,1102,789,1172,846,750,631,895,849,1408,2653,788,326,75,1337,147,1417,1282,379,1520,555,511,366
MAMSTR,yellow,ENSG00000176909,107283078,XM_015810928.1,284358,18,10,16,18,23,26,19,12,45,11,29,20,32,79,122,10,13,258,2,30,33,13,111,30,8,58
CCDC141,yellow,ENSG00000163492,107290009,XM_015818848.2,285025,118,82,79,59,184,116,86,79,85,57,66,112,90,38,77,26,19,226,5,135,70,34,197,48,24,28
DPH3,yellow,ENSG00000154813,107282908,XM_015810746.1,285381,162,81,99,101,128,93,107,104,136,98,104,134,131,527,202,118,59,432,117,238,302,331,356,156,128,130
CYP4V2,yellow,ENSG00000145476,107302659,XM_015831780.1,285440,468,419,266,412,376,477,436,404,274,399,537,347,236,219,211,104,143,228,76,320,250,131,257,143,229,68
LSMEM1,yellow,ENSG00000181016,107291059,XM_015820014.2,286006,27,23,8,20,13,21,24,10,12,9,12,27,34,336,979,232,276,1493,72,1254,861,881,1201,259,411,238
ARL16,yellow,ENSG00000214087,107294892,XM_029285731.1,339231,116,189,149,156,108,214,142,96,142,117,148,177,168,114,77,75,9,71,10,106,92,84,170,56,58,12
LRRC30,yellow,ENSG00000206422,107285991,XM_015814276.1,339291,0,6,2,1,0,0,6,0,0,4,2,0,0,32,119,20,20,511,2,134,95,38,365,67,11,65
KY,yellow,ENSG00000174611,107287130,XM_015815597.2,339855,26,46,29,39,37,48,39,42,55,32,64,48,23,683,5796,888,735,9953,69,8532,2398,545,5043,1138,213,922
MYLK4,yellow,ENSG00000145949,107284832,XM_029283590.1,340156,48,59,43,65,46,67,32,40,86,42,54,60,61,7,9,6,6,54,1,30,44,5,46,5,1,3
KLHL38,yellow,ENSG00000175946,107295163,XM_015824465.1,340359,0,3,1,1,1,1,3,5,3,0,1,0,1,533,505,76,79,726,14,953,495,343,784,92,256,141
OTOG,yellow,ENSG00000188162,107296035,XM_015825376.1,340990,1,0,2,0,1,1,1,1,4,0,2,2,0,46,45,24,13,44,0,77,59,36,107,24,13,17
C16orf96,yellow,ENSG00000205832,107283965,XM_015811956.1,342346,6,4,2,9,4,4,4,5,5,4,7,4,4,60,23,12,17,34,16,32,32,19,41,25,18,30
SMTNL2,yellow,ENSG00000188176,107286430,XM_029283938.1,342527,9,0,0,1,1,3,1,2,0,0,0,0,0,90,307,39,33,501,2,88,84,77,206,77,23,119
CAVIN4,yellow,ENSG00000170681,107292585,XM_015821690.1,347273,20,11,9,3,9,8,9,9,8,6,6,16,11,2,49,13,7,123,17,57,33,22,76,25,9,19
RBPMS2,yellow,ENSG00000166831,107289657,XM_015818450.1,348093,8,3,9,3,6,12,12,4,9,7,6,12,2,162,194,100,29,227,134,168,241,104,83,14,113,60
PTPRQ,yellow,ENSG00000139304,107284034,XM_015812034.1,374462,2,22,15,6,10,5,12,2,9,6,3,0,3,6,28,8,15,23,18,46,42,8,49,16,31,20
CATIP,yellow,ENSG00000158428,107291488,XM_029284948.1,375307,50,39,27,25,39,52,43,44,33,13,33,37,36,59,22,8,1,51,3,92,44,23,58,28,31,25
TOPAZ1,yellow,ENSG00000173769,107293548,XM_029285472.1,375337,0,1,0,1,2,1,4,0,0,0,0,0,0,33,29,23,3,62,14,57,44,42,33,21,40,19
C3orf62,yellow,ENSG00000188315,114922664,XM_029284418.1,375341,123,104,108,80,112,122,114,71,101,78,131,108,145,81,66,59,34,63,42,124,181,121,201,90,56,22
KLHL30,yellow,ENSG00000168427,107285524,XM_015813720.1,377007,9,13,6,9,15,8,9,8,11,7,14,9,15,226,508,146,57,863,13,667,491,173,1154,123,156,165
NHLRC1,yellow,ENSG00000187566,107286350,XM_015814706.2,378884,66,35,57,32,37,35,50,24,33,33,35,28,38,18,12,8,4,17,4,10,12,6,21,4,7,8
CEP85L,yellow,ENSG00000111860,107299779,XM_015829121.1,387119,624,943,470,754,594,581,595,681,480,618,784,760,722,230,503,117,190,824,34,422,346,209,443,111,198,153
SLC16A12,yellow,ENSG00000152779,107293841,XM_015823028.1,387700,27,13,36,44,27,20,23,10,27,31,30,20,22,205,71,61,3,281,20,237,141,31,80,16,62,38
TMEM233,yellow,ENSG00000224982,107288821,XM_015817470.1,387890,14,8,5,3,6,5,10,9,14,6,8,9,7,3,36,3,4,61,1,50,34,7,122,6,4,30
KLHL31,yellow,ENSG00000124743,107292157,XM_015821219.1,401265,17,20,33,23,41,18,28,14,15,24,27,15,22,29,156,48,6,278,3,186,101,83,366,67,34,68
CUEDC1,yellow,ENSG00000180891,107297226,XM_015826584.1,404093,291,521,304,353,473,417,454,276,323,210,381,374,470,1151,449,167,74,1021,125,739,1085,358,546,189,356,216
MZT1,yellow,ENSG00000204899,107303152,XM_015832350.1,440145,111,71,41,65,61,64,49,82,87,87,87,72,99,931,1115,638,334,888,416,1365,835,649,888,465,426,580
BCL2L15,yellow,ENSG00000188761,107299866,XM_015829218.1,440603,99,98,69,72,104,101,97,89,94,71,84,90,112,124,95,29,36,105,28,13,186,114,140,16,81,9
CDNF,yellow,ENSG00000185267,107295849,XM_015825184.2,441549,13,88,63,72,70,44,68,16,30,37,68,46,49,4,28,13,24,68,2,43,28,12,48,8,5,10
LMOD2,yellow,ENSG00000170807,107293131,XM_015822269.1,442721,2,9,10,8,8,7,6,2,1,5,7,3,8,129,133,33,48,346,11,236,136,291,258,54,100,27
WIPF3,yellow,ENSG00000122574,107282753,XM_029283080.1,644150,78,60,18,19,39,15,41,162,18,47,40,63,208,67,74,14,20,179,10,56,34,34,95,16,18,36
MINDY4B,yellow,ENSG00000214237,107286032,XM_015814327.1,646951,0,1,0,0,0,2,4,2,0,1,0,0,1,64,23,14,4,186,12,131,137,148,200,27,100,92
CMC4,yellow,ENSG00000182712,107295404,XM_015824718.1,100272147,50,61,67,50,59,56,52,48,39,51,61,63,66,38,50,17,30,71,11,46,47,15,24,31,29,29
